key	qty 	date
acc11	1	20191226
acc12	1	20191223
acc13	1	20191208
acc13	1	20191209
acc13	1	20191215
acc13	1	20191227
acc13	1	20191229
acc13	1	20191230
acc14	4.15	20191215
acc14	30.6	20191201
acc14	1	20191229
acc14	2	20191203
acc14	3	20191208
acc14	37	20191227
acc14	10	20191202
acc14	10	20191209
acc14	10	20191214
acc14	30	20191211
acc15	0.6	20191218
acc15	1	20191207
acc15	2	20191216
acc15	1	20191219
acc15	1	20191228
acc15	2	20191210
acc15	2	20191215
acc15	2	20191230
acc15	3	20191213
acc15	9	20191212
acc15	10	20191209
acc15	30	20191217
acc16	10.45	20191201
acc16	7.15	20191209
acc16	0.6	20191206
acc16	9.6	20191207
acc16	0.3	20191210
acc16	0.45	20191224
acc16	7	20191204
acc16	3	20191221
acc16	1	20191223
acc16	1	20191227
acc16	2	20191203
acc16	2	20191218
acc16	40	20191211
acc17	0.6	20191211
acc17	1	20191203
acc17	1	20191218
acc17	2	20191201
acc17	2	20191205
acc17	4	20191221
acc17	5	20191204
acc18	0.6	20191215
acc18	0.6	20191204
acc18	0.6	20191224
acc18	1	20191201
acc18	1	20191218
acc18	7	20191229
acc18	5	20191231
acc18	2	20191205
acc18	2	20191208
acc18	4	20191210
acc19	0.15	20191229
acc19	6.9	20191211
acc19	0.45	20191222
acc19	7.6	20191207
acc19	1	20191204
acc19	3	20191208
acc19	4	20191214
acc19	2	20191201
acc19	2	20191206
acc19	7	20191213
acc19	6	20191226
acc19	30	20191202
acc21	1	20191204
acc21	2	20191209
acc21	1	20191219
acc21	2	20191223
acc21	4	20191227
acc21	4	20191228
acc9	1	20191201
acc9	2	20191211
acc9	1	20191216
acc9	1	20191217
acc9	1	20191231
agg0	206	20191204
agg0	1	20191221
agg0	1	20191224
agg0	25	20191209
agg0	5	20191215
agg0	5	20191227
agg0	5	20191229
agg0	10	20191231
agg0	120	20191203
agg0	20	20191205
agg0	20	20191210
agg0	40	20191220
agg0	440	20191214
agg0	60	20191201
agg0	140	20191211
agg1	2	20191201
agg1	6	20191202
agg1	4	20191203
agg1	1	20191205
agg1	9	20191206
agg1	5	20191207
agg1	3	20191208
agg1	1	20191209
agg1	1	20191210
agg1	3	20191211
agg1	5	20191212
agg1	2	20191213
agg1	2	20191215
agg1	1	20191216
agg1	1	20191218
agg1	1	20191219
agg1	2	20191224
agg1	1	20191225
agg1	1	20191227
agg1	1	20191228
agg1	1	20191229
agg1	1	20191230
agg1	1	20191231
agg1	2	20191204
agg1	4	20191220
agg2	1	20191206
agg2	1	20191207
agg2	1	20191211
agg2	1	20191229
agg2	5	20191212
agg2	20	20191203
agg2	20	20191204
agg2	80	20191209
agg3	26	20191201
agg3	1	20191204
agg3	1	20191209
agg3	5	20191208
agg3	55	20191211
agg3	5	20191227
agg3	10	20191210
agg3	30	20191214
agg3	40	20191202
agg3	40	20191229
agg3	80	20191207
agg4	1	20191212
agg4	91	20191214
agg4	1	20191215
agg4	121	20191218
agg4	217	20191227
agg4	110	20191203
agg4	10	20191228
agg4	20	20191201
agg4	20	20191206
agg4	20	20191208
agg4	100	20191209
agg4	20	20191210
agg4	20	20191217
agg4	20	20191225
agg4	20	20191230
agg4	40	20191220
agg4	100	20191211
agg4	100	20191213
agg5	11	20191208
agg5	5	20191213
agg5	5	20191221
agg5	200	20191203
agg5	40	20191204
agg5	80	20191207
agg5	20	20191210
agg5	20	20191216
agg6	14	20191201
agg6	72	20191202
agg6	26	20191203
agg6	9	20191204
agg6	202	20191205
agg6	22	20191207
agg6	6	20191208
agg6	23	20191209
agg6	7	20191210
agg6	27	20191211
agg6	53	20191213
agg6	1	20191216
agg6	2	20191218
agg6	1	20191220
agg6	1	20191223
agg6	2	20191224
agg6	2	20191227
agg6	11	20191228
agg6	1	20191229
agg6	5	20191215
agg6	85	20191230
agg6	20	20191206
agg6	20	20191219
agg6	40	20191221
agg7	63	20191201
agg7	63	20191203
agg7	1	20191205
agg7	62	20191206
agg7	81	20191209
agg7	66	20191211
agg7	1	20191221
agg7	1	20191222
agg7	1	20191224
agg7	1	20191227
agg7	1	20191230
agg7	1	20191231
agg7	25	20191219
agg7	5	20191229
agg7	10	20191214
agg7	60	20191202
agg7	40	20191207
agg7	220	20191208
agg7	40	20191210
agg8	1	20191201
agg8	121	20191202
agg8	21	20191204
agg8	42	20191206
agg8	1	20191210
agg8	1	20191211
agg8	1	20191218
agg8	1	20191226
agg8	6	20191230
agg8	5	20191208
agg8	5	20191216
agg8	30	20191220
agg8	10	20191221
agg8	60	20191203
agg8	20	20191207
agg8	20	20191213
agg9	1	20191201
bam0	21	20191206
bam0	141	20191208
bam0	21	20191220
bam0	141	20191229
bam0	1269	20191204
bam0	706	20191202
bam0	576	20191205
bam0	26	20191216
bam0	60	20191201
bam0	140	20191203
bam0	50	20191207
bam0	40	20191209
bam0	60	20191210
bam0	60	20191211
bam0	10	20191213
bam0	170	20191214
bam0	60	20191215
bam0	175	20191217
bam0	60	20191218
bam0	165	20191219
bam0	30	20191222
bam0	10	20191225
bam0	220	20191230
bam0	140	20191231
bam0	50	20191227
bam0	100	20191223
bam0	500	20191228
bam1	44	20191217
bam1	220	20191201
bam1	160	20191202
bam1	370	20191203
bam1	440	20191204
bam1	170	20191205
bam1	540	20191206
bam1	120	20191207
bam1	130	20191208
bam1	270	20191209
bam1	90	20191210
bam1	130	20191211
bam1	60	20191212
bam1	90	20191215
bam1	40	20191216
bam1	70	20191219
bam1	80	20191220
bam1	30	20191225
bam1	10	20191227
bam1	250	20191231
bam1	40	20191214
bam1	220	20191221
bam1	20	20191228
bam1	70	20191229
bam1	230	20191218
bam1	240	20191224
bam1	100	20191230
bam1	200	20191222
bam1	250	20191226
bam2	60	20191201
bam2	380	20191202
bam2	230	20191203
bam2	40	20191204
bam2	670	20191205
bam2	440	20191206
bam2	400	20191207
bam2	110	20191208
bam2	310	20191209
bam2	160	20191210
bam2	560	20191211
bam2	90	20191215
bam2	700	20191216
bam2	210	20191218
bam2	50	20191219
bam2	20	20191221
bam2	170	20191222
bam2	270	20191225
bam2	110	20191226
bam2	10	20191228
bam2	70	20191229
bam2	10	20191230
bam2	670	20191217
bam2	30	20191220
bam2	130	20191231
bam2	440	20191213
bam2	150	20191223
bam2	450	20191227
bam2	100	20191212
bam2	150	20191214
bam3	30	20191201
bam3	10	20191202
bam3	100	20191203
bam3	50	20191204
bam3	90	20191205
bam3	630	20191206
bam3	390	20191207
bam3	90	20191209
bam3	110	20191210
bam3	140	20191213
bam3	240	20191216
bam3	430	20191218
bam3	220	20191219
bam3	20	20191222
bam3	230	20191227
bam3	100	20191228
bam3	100	20191230
bam3	80	20191231
bam3	150	20191208
bam3	20	20191212
bam3	40	20191214
bam3	205	20191215
bam3	20	20191221
bam3	420	20191226
bam3	60	20191220
bam3	70	20191225
bam3	190	20191229
bam3	210	20191224
bam3	100	20191217
bam3	100	20191223
bam4	160	20191201
bam4	30	20191205
bam4	10	20191206
bam4	50	20191208
bam4	10	20191209
bam4	10	20191211
bam4	60	20191212
bam4	110	20191213
bam4	40	20191217
bam4	60	20191218
bam4	10	20191219
bam4	10	20191223
bam4	150	20191202
bam4	20	20191203
bam4	40	20191215
bam4	20	20191221
bam4	40	20191226
bam4	210	20191231
bam4	190	20191230
bam4	150	20191225
bam4	100	20191228
bam4	100	20191229
bam4	200	20191214
bam5	10	20191201
bam5	30	20191203
bam5	30	20191204
bam5	30	20191219
bam5	10	20191220
bam5	60	20191227
bam5	50	20191228
bam5	20	20191205
bam5	190	20191216
bam5	20	20191226
bam5	100	20191229
bam5	70	20191231
bam5	40	20191202
bam5	40	20191209
bam5	50	20191212
bam5	250	20191206
bam6	120	20191202
bam6	60	20191203
bam6	50	20191206
bam6	10	20191207
bam6	110	20191228
bam6	10	20191231
bam6	20	20191211
bam6	20	20191213
bam6	20	20191225
bam6	20	20191226
bam6	140	20191229
bam6	60	20191208
bam6	110	20191209
bam6	120	20191227
bam6	180	20191230
bam6	40	20191204
bam6	50	20191215
bam6	50	20191216
bam6	50	20191218
bam6	50	20191220
bam6	100	20191210
bam6	100	20191217
bam7	20	20191213
bam7	20	20191220
bam7	30	20191208
bam7	40	20191229
bam7	50	20191207
bam7	50	20191224
bam7	100	20191201
bam7	100	20191210
bam7	100	20191211
bir0	1	20191203
bir0	2	20191204
bir0	1	20191207
bir0	1	20191215
bir0	2	20191218
bir0	1	20191220
bir0	1	20191222
bir0	1	20191224
bir1	1	20191203
bir2	20.5	20191202
bir2	21	20191220
bir2	6	20191201
bir2	10	20191215
bir2	10	20191224
bir2	12.75	20191206
bir2	25.5	20191208
bir2	32.75	20191218
bir2	62.75	20191227
bir2	38.25	20191230
bir2	15	20191214
bir2	60	20191216
bir2	20	20191203
bir2	20	20191205
bir2	20	20191209
bir2	40	20191210
bir2	20	20191211
bir2	45	20191213
bir2	20	20191217
bir2	20	20191222
bir2	25	20191207
bir2	30	20191228
bir2	40	20191226
bir3	1	20191201
bir3	1	20191228
bub0	82	20191226
bub0	50	20191215
bub0	35	20191210
bub0	7	20191205
bub0	82	20191231
bub0	184	20191202
bub0	140	20191208
bub0	85	20191204
bub0	15	20191207
bub0	15	20191213
bub0	65	20191219
bub0	115	20191203
bub0	60	20191201
bub0	120	20191211
bub0	30	20191214
bub0	130	20191216
bub0	30	20191227
bub0	35	20191209
bub0	100	20191206
bub1	372	20191226
bub1	408	20191215
bub1	374	20191210
bub1	516	20191205
bub1	230	20191231
bub1	624	20191202
bub1	52	20191213
bub1	140	20191217
bub1	120	20191225
bub1	446	20191208
bub1	416	20191204
bub1	72	20191207
bub1	334	20191219
bub1	264	20191201
bub1	478	20191203
bub1	40	20191212
bub1	102	20191214
bub1	140	20191218
bub1	102	20191227
bub1	140	20191229
bub1	260	20191230
bub1	448	20191211
bub1	364	20191216
bub1	372	20191209
bub1	200	20191221
bub1	100	20191224
bub1	200	20191228
bub1	602	20191206
bub2	2	20191228
bub2	4	20191220
bub2	61	20191202
bub2	6	20191226
bub2	20	20191206
bub2	40	20191208
bub2	10	20191214
bub2	15	20191204
bub2	15	20191210
bub2	15	20191211
bub3	81	20191229
bub3	178	20191202
bub3	46	20191204
bub3	43	20191208
bub3	120	20191205
bub3	120	20191203
bub3	25	20191206
bub3	65	20191209
bub3	5	20191220
bub3	5	20191221
bub3	25	20191231
bub3	90	20191201
bub3	10	20191207
bub3	20	20191210
bub3	60	20191211
bub3	10	20191213
bub3	35	20191214
bub3	10	20191215
bub3	70	20191216
bub3	90	20191217
bub3	10	20191218
bub3	10	20191224
bub3	30	20191226
bub3	10	20191230
bub3	50	20191227
bub4	372	20191226
bub4	408	20191215
bub4	374	20191210
bub4	516	20191205
bub4	230	20191231
bub4	624	20191202
bub4	52	20191213
bub4	140	20191217
bub4	120	20191225
bub4	446	20191208
bub4	416	20191204
bub4	72	20191207
bub4	334	20191219
bub4	264	20191201
bub4	478	20191203
bub4	40	20191212
bub4	102	20191214
bub4	140	20191218
bub4	102	20191227
bub4	140	20191229
bub4	260	20191230
bub4	448	20191211
bub4	364	20191216
bub4	372	20191209
bub4	200	20191221
bub4	100	20191224
bub4	200	20191228
bub4	602	20191206
coi0	1	20191202
coi0	1	20191209
coi0	1	20191211
coi0	1	20191214
coi0	1	20191223
coi0	2	20191226
coi0	13	20191227
coi0	9	20191231
coi0	2	20191222
coi0	6	20191230
coi0	3	20191212
coi0	3	20191220
coi0	4	20191201
coi0	4	20191210
coi0	5	20191207
coi0	5	20191221
ele0	28	20191201
ele0	51	20191202
ele0	27	20191203
ele0	26	20191204
ele0	27	20191205
ele0	14	20191206
ele0	9	20191207
ele0	12	20191208
ele0	22	20191209
ele0	19	20191210
ele0	13	20191211
ele0	11	20191212
ele0	11	20191213
ele0	9	20191214
ele0	15	20191215
ele0	10	20191216
ele0	24	20191217
ele0	18	20191218
ele0	20	20191219
ele0	13	20191220
ele0	6	20191221
ele0	5	20191222
ele0	2	20191223
ele0	4	20191227
ele0	8	20191228
ele0	5	20191229
ele0	13	20191230
ele0	10	20191231
ele1	14	20191201
ele1	15	20191202
ele1	18	20191203
ele1	14	20191204
ele1	8	20191205
ele1	6	20191206
ele1	5	20191207
ele1	9	20191208
ele1	7	20191209
ele1	10	20191210
ele1	11	20191211
ele1	5	20191212
ele1	2	20191213
ele1	6	20191214
ele1	6	20191215
ele1	11	20191216
ele1	10	20191217
ele1	7	20191218
ele1	8	20191219
ele1	5	20191220
ele1	5	20191221
ele1	6	20191222
ele1	2	20191223
ele1	1	20191224
ele1	1	20191225
ele1	3	20191226
ele1	5	20191227
ele1	5	20191228
ele1	2	20191229
ele1	4	20191230
ele1	2	20191231
ele10	3	20191219
ele10	3	20191221
ele10	2	20191225
ele10	3	20191226
ele10	3	20191227
ele10	5	20191228
ele10	3	20191229
ele10	1	20191230
ele10	2	20191231
ele11	1	20191220
ele11	1	20191221
ele11	2	20191222
ele11	1	20191223
ele11	1	20191224
ele11	1	20191226
ele11	1	20191228
ele11	2	20191229
ele11	5	20191230
ele11	2	20191231
ele12	1	20191218
ele12	1	20191219
ele12	1	20191220
ele12	1	20191222
ele12	3	20191224
ele12	1	20191227
ele12	1	20191228
ele12	1	20191229
ele12	2	20191230
ele12	3	20191231
ele13	6	20191220
ele13	2	20191223
ele13	1	20191230
ele16	1	20191201
ele16	1	20191202
ele16	2	20191203
ele16	1	20191204
ele16	4	20191206
ele16	2	20191207
ele16	1	20191208
ele16	2	20191210
ele16	1	20191212
ele16	1	20191218
ele16	3	20191219
ele16	9	20191220
ele16	4	20191221
ele16	1	20191222
ele16	2	20191223
ele16	3	20191224
ele16	1	20191225
ele16	4	20191226
ele16	4	20191227
ele16	4	20191228
ele16	7	20191229
ele16	9	20191230
ele16	4	20191231
ele17	8	20191201
ele17	1	20191202
ele17	1	20191204
ele17	6	20191205
ele17	13	20191206
ele17	1	20191207
ele17	2	20191208
ele17	3	20191209
ele17	12	20191210
ele17	1	20191211
ele17	2	20191213
ele17	5	20191214
ele17	4	20191215
ele17	4	20191216
ele17	4	20191217
ele17	3	20191218
ele17	3	20191219
ele17	2	20191220
ele17	3	20191221
ele17	5	20191222
ele17	3	20191223
ele17	4	20191229
ele17	2	20191230
ele18	2	20191201
ele18	1	20191202
ele18	2	20191203
ele18	3	20191204
ele18	4	20191205
ele18	3	20191206
ele18	3	20191207
ele18	2	20191208
ele18	7	20191209
ele18	1	20191211
ele18	8	20191212
ele18	2	20191214
ele18	5	20191215
ele18	7	20191216
ele18	11	20191217
ele18	1	20191219
ele18	1	20191220
ele18	1	20191221
ele18	1	20191222
ele18	2	20191225
ele18	4	20191227
ele18	3	20191230
ele18	2	20191226
ele19	2	20191201
ele19	6	20191202
ele19	4	20191203
ele19	7	20191204
ele19	2	20191205
ele19	2	20191207
ele19	3	20191208
ele19	1	20191209
ele19	2	20191211
ele19	4	20191212
ele19	2	20191214
ele19	1	20191215
ele19	1	20191220
ele19	1	20191222
ele20	3	20191201
ele20	1	20191204
ele20	2	20191205
ele20	1	20191206
ele20	1	20191208
ele20	1	20191210
ele20	1	20191211
ele20	3	20191213
ele20	1	20191214
ele20	1	20191216
ele21	9	20191201
ele21	10	20191202
ele21	12	20191203
ele21	13	20191204
ele21	6	20191205
ele21	3	20191206
ele21	8	20191207
ele21	2	20191208
ele21	8	20191209
ele21	4	20191210
ele21	4	20191211
ele21	5	20191212
ele21	3	20191213
ele21	1	20191214
ele21	7	20191215
ele21	2	20191216
ele21	5	20191217
ele21	13	20191218
ele21	2	20191219
ele21	3	20191220
ele21	1	20191221
ele21	2	20191222
ele21	3	20191224
ele21	2	20191225
ele21	1	20191226
ele21	4	20191227
ele21	2	20191228
ele21	2	20191229
ele21	4	20191230
ele21	4	20191231
ele22	1	20191203
ele23	6	20191201
ele23	4	20191202
ele23	9	20191203
ele23	6	20191204
ele23	8	20191205
ele23	2	20191206
ele23	5	20191207
ele23	3	20191208
ele23	2	20191209
ele23	1	20191210
ele23	8	20191211
ele23	6	20191213
ele23	4	20191214
ele23	3	20191215
ele23	4	20191216
ele23	2	20191217
ele23	2	20191218
ele23	2	20191220
ele23	3	20191221
ele23	1	20191223
ele23	1	20191224
ele23	2	20191225
ele23	1	20191226
ele23	6	20191227
ele23	2	20191228
ele23	2	20191229
ele23	6	20191230
ele23	3	20191231
ele24	1	20191203
ele24	2	20191205
ele25	14	20191201
ele25	10	20191202
ele25	12	20191203
ele25	10	20191204
ele25	7	20191205
ele25	2	20191206
ele25	3	20191207
ele25	3	20191208
ele25	2	20191209
ele25	1	20191210
ele25	4	20191211
ele25	3	20191212
ele25	5	20191213
ele25	6	20191214
ele25	11	20191215
ele25	8	20191216
ele25	10	20191217
ele25	3	20191218
ele25	2	20191219
ele25	4	20191220
ele25	2	20191221
ele25	1	20191222
ele25	3	20191223
ele25	2	20191225
ele25	4	20191226
ele25	3	20191227
ele25	4	20191228
ele25	2	20191229
ele25	3	20191230
ele25	2	20191231
ele26	4	20191201
ele26	18	20191202
ele26	11	20191203
ele26	12	20191204
ele26	6	20191205
ele26	2	20191206
ele26	4	20191207
ele26	4	20191208
ele26	1	20191209
ele26	5	20191210
ele26	4	20191212
ele26	3	20191213
ele26	2	20191214
ele26	4	20191215
ele26	7	20191216
ele26	5	20191217
ele26	4	20191218
ele26	2	20191219
ele26	2	20191220
ele26	2	20191223
ele26	1	20191225
ele26	1	20191226
ele26	2	20191228
ele26	1	20191229
ele26	1	20191231
ele27	5	20191201
ele27	4	20191202
ele27	6	20191203
ele27	3	20191204
ele27	3	20191205
ele27	3	20191206
ele27	5	20191207
ele27	3	20191208
ele27	1	20191209
ele27	3	20191210
ele27	4	20191211
ele27	5	20191212
ele27	1	20191213
ele27	8	20191214
ele27	3	20191215
ele27	6	20191216
ele27	6	20191218
ele27	1	20191219
ele27	3	20191221
ele27	3	20191222
ele27	3	20191223
ele27	2	20191224
ele27	1	20191225
ele27	1	20191226
ele27	2	20191227
ele27	1	20191228
ele27	3	20191229
ele27	4	20191230
ele27	3	20191231
ele28	1	20191203
ele3	2	20191202
ele3	2	20191203
ele3	3	20191204
ele3	2	20191205
ele3	6	20191207
ele3	5	20191209
ele3	3	20191210
ele3	1	20191212
ele3	1	20191214
ele3	1	20191215
ele3	2	20191216
ele3	1	20191217
ele3	1	20191218
ele3	3	20191219
ele3	3	20191220
ele3	2	20191221
ele3	2	20191222
ele3	2	20191224
ele3	1	20191225
ele3	2	20191227
ele3	2	20191228
ele3	2	20191229
ele3	2	20191230
ele9	1	20191218
ele9	1	20191220
ele9	1	20191226
ele9	1	20191229
ele9	1	20191230
ele9	1	20191231
fer0	46	20191215
fer0	56	20191217
fer0	129.5	20191230
fer0	77.5	20191202
fer0	72.5	20191211
fer0	82.5	20191216
fer0	192.5	20191229
fer0	85	20191204
fer0	5	20191206
fer0	145	20191201
fer0	45	20191205
fer0	120	20191209
fer0	45	20191210
fer0	10	20191212
fer0	10	20191214
fer0	60	20191219
fer0	95	20191221
fer0	85	20191222
fer0	60	20191224
fer0	10	20191225
fer0	95	20191227
fer0	135	20191228
fer0	85	20191231
fer0	125	20191203
fer0	75	20191207
fer0	75	20191208
fer0	25	20191213
fer0	250	20191218
fer0	75	20191220
fer0	25	20191223
fer11	0.5	20191203
fer11	2.5	20191204
fer11	0.5	20191206
fer11	1.5	20191214
fer11	5.5	20191216
fer11	0.5	20191222
fer11	2.5	20191226
fer11	2	20191228
fer11	7	20191230
fer11	3.5	20191231
fer11	11.75	20191212
fer11	1	20191201
fer11	1	20191202
fer11	1	20191210
fer11	3	20191215
fer11	2	20191217
fer11	4	20191218
fer11	1	20191220
fer11	1	20191221
fer11	1	20191224
fer11	1	20191225
fer11	4	20191227
fer11	4	20191229
fer11	10	20191211
fer11	25	20191209
fer11	25	20191219
fer12	41	20191203
fer12	26	20191217
fer12	101	20191229
fer12	2	20191225
fer12	22	20191228
fer12	50	20191204
fer12	50	20191208
fer12	210	20191209
fer12	30	20191211
fer12	10	20191219
fer12	70	20191231
fer12	60	20191205
fer12	60	20191206
fer12	20	20191210
fer12	20	20191214
fer12	80	20191216
fer12	20	20191220
fer12	20	20191224
fer12	60	20191226
fer12	20	20191230
fer13	1	20191203
fer13	1	20191209
fer13	1	20191213
fer13	1	20191216
fer13	1	20191218
fer13	5	20191224
fer13	20	20191230
fer13	25	20191206
fer14	25	20191204
fer14	161	20191205
fer14	61	20191208
fer14	44	20191210
fer14	41	20191212
fer14	22	20191216
fer14	9	20191217
fer14	27	20191219
fer14	19	20191221
fer14	16	20191224
fer14	51	20191228
fer14	36	20191229
fer14	86	20191230
fer14	70	20191201
fer14	72	20191203
fer14	22	20191209
fer14	27	20191231
fer14	55	20191211
fer14	21	20191213
fer14	53	20191218
fer14	3	20191220
fer14	34	20191202
fer14	59	20191222
fer14	20	20191206
fer14	15	20191207
fer14	20	20191214
fer14	30	20191215
fer14	40	20191223
fer14	50	20191226
fer14	125	20191227
fer14	10	20191225
fer15	1	20191202
fer15	0.5	20191209
fer15	3	20191203
fer15	3	20191206
fer15	6	20191230
fer15	5	20191216
fer15	10	20191204
fer15	10	20191207
fer15	10	20191211
fer16	66	20191202
fer16	71	20191203
fer16	1.5	20191206
fer16	0.5	20191208
fer16	39.5	20191209
fer16	45.5	20191210
fer16	36	20191211
fer16	115.5	20191216
fer16	26.5	20191217
fer16	0.5	20191228
fer16	81.5	20191231
fer16	39	20191201
fer16	1	20191207
fer16	80	20191212
fer16	111	20191213
fer16	1	20191215
fer16	73	20191218
fer16	42	20191204
fer16	62	20191230
fer16	10	20191205
fer16	10	20191224
fer16	10	20191225
fer16	35	20191226
fer16	10	20191227
fer16	25	20191214
fer16	100	20191229
fer17	30	20191201
fer17	10	20191209
fer17	50	20191217
fer17	70	20191229
fer17	20	20191204
fer17	20	20191205
fer17	20	20191211
fer17	40	20191214
fer17	20	20191225
fer17	40	20191228
fer17	20	20191230
fer17	80	20191231
fer18	5	20191203
fer18	5	20191221
fer18	25	20191210
fer21	7.1	20191201
fer21	15.3	20191202
fer21	16.3	20191203
fer21	20.3	20191204
fer21	12.2	20191205
fer21	9.35	20191206
fer21	10.05	20191207
fer21	6.3	20191208
fer21	18.9	20191210
fer21	7.1	20191211
fer21	10.35	20191212
fer21	5.9	20191213
fer21	1.95	20191214
fer21	8.8	20191216
fer21	9.8	20191217
fer21	5.85	20191218
fer21	4.4	20191219
fer21	2.95	20191220
fer21	9.8	20191221
fer21	17.4	20191222
fer21	1.45	20191223
fer21	1.25	20191224
fer21	3.25	20191225
fer21	7.7	20191226
fer21	4.25	20191228
fer21	14.45	20191229
fer21	8.95	20191231
fer21	1.4	20191215
fer21	7.55	20191227
fer21	14.1	20191209
fer21	8.7	20191230
fer22	25	20191227
fer22	50	20191228
fer22	25	20191229
fer23	0.25	20191201
fer23	1.25	20191202
fer23	0.5	20191203
fer23	5.5	20191204
fer23	1.25	20191207
fer23	15.25	20191209
fer23	0.75	20191210
fer23	0.5	20191215
fer23	0.5	20191218
fer23	0.25	20191223
fer23	0.75	20191228
fer23	26	20191205
fer23	15.5	20191206
fer23	0.5	20191216
fer23	0.5	20191219
fer23	1	20191220
fer23	1	20191229
fer23	1	20191227
fer23	7	20191208
fer23	2	20191224
fer23	12	20191230
fer23	8	20191214
fer23	30	20191213
fer24	30	20191202
fer24	71	20191211
fer24	126	20191215
fer24	39	20191216
fer24	80	20191230
fer24	2.5	20191203
fer24	168	20191231
fer24	64	20191229
fer24	110	20191204
fer24	35	20191205
fer24	80	20191206
fer24	60	20191207
fer24	45	20191208
fer24	10	20191209
fer24	25	20191212
fer24	45	20191217
fer24	205	20191227
fer24	75	20191210
fer24	25	20191213
fer24	50	20191218
fer24	25	20191219
fer24	50	20191220
fer24	25	20191221
fer24	50	20191222
fer24	100	20191223
fer24	75	20191226
fer24	50	20191228
fer25	0.1	20191201
fer25	0.1	20191227
fer25	26.5	20191207
fer25	1	20191223
fer25	1	20191231
fer25	2	20191221
fer25	5	20191211
fer25	25	20191216
fer27	11	20191203
fer27	2	20191226
fer27	5.5	20191204
fer27	2.5	20191220
fer27	3	20191223
fer27	3	20191230
fer27	4	20191211
fer27	4	20191217
fer27	10	20191219
fer27	10	20191225
fer27	20	20191216
fer27	25	20191207
fer28	1	20191201
fer28	1	20191208
fer28	3.5	20191209
fer28	1	20191210
fer28	1	20191217
fer28	1	20191231
fer28	2.5	20191213
fer28	10	20191215
fer29	0.53	20191211
fer29	0.03	20191231
fer29	0.06	20191230
fer29	0.09	20191220
fer29	0.3	20191227
fer29	0.7	20191207
fer29	1	20191221
fer29	25	20191219
fer3	175.5	20191230
fer3	26	20191216
fer3	36	20191227
fer3	2	20191208
fer3	4	20191213
fer3	55	20191211
fer3	30	20191223
fer3	20	20191214
fer3	10	20191224
fer3	25	20191201
fer3	75	20191204
fer3	50	20191205
fer3	50	20191206
fer3	275	20191207
fer3	75	20191209
fer3	25	20191212
fer3	25	20191215
fer3	25	20191218
fer3	50	20191220
fer3	75	20191225
fer3	50	20191226
fer3	125	20191228
fer3	125	20191229
fer3	150	20191231
fer30	1	20191203
fer30	1	20191223
fer31	2.5	20191209
fer32	1	20191231
fer34	77	20191228
fer34	5	20191203
fer34	80	20191207
fer34	20	20191212
fer34	60	20191215
fer34	35	20191217
fer34	25	20191201
fer34	50	20191202
fer34	25	20191204
fer34	25	20191206
fer34	50	20191208
fer34	75	20191211
fer34	25	20191213
fer34	50	20191214
fer34	50	20191216
fer34	25	20191218
fer34	25	20191219
fer34	25	20191223
fer34	25	20191224
fer34	25	20191225
fer34	50	20191227
fer34	325	20191229
fer34	125	20191230
fer34	25	20191231
fer37	2.5	20191204
fer37	2.5	20191218
fer38	2	20191228
fer38	5	20191231
fer39	2.5	20191203
fer39	2.5	20191213
fer39	0.5	20191214
fer39	2.5	20191224
fer39	4	20191226
fer39	0.5	20191227
fer39	2	20191206
fer39	4.5	20191216
fer39	4	20191218
fer39	4	20191219
fer39	2.5	20191202
fer39	5	20191215
fer39	22.5	20191222
fer39	3	20191205
fer39	3	20191207
fer39	5	20191221
fer39	5	20191225
fer39	30	20191229
fer39	10	20191230
fer4	4.5	20191229
fer4	1	20191201
fer4	16	20191206
fer4	2	20191221
fer4	3	20191205
fer4	28	20191227
fer4	3	20191231
fer4	54	20191228
fer4	5	20191202
fer4	5	20191223
fer4	10	20191204
fer4	10	20191215
fer4	25	20191208
fer4	25	20191209
fer4	50	20191211
fer4	25	20191216
fer40	40.5	20191201
fer40	50.5	20191223
fer40	51	20191214
fer40	42	20191220
fer40	93	20191206
fer40	23	20191207
fer40	73	20191209
fer40	95	20191203
fer40	5	20191210
fer40	80	20191205
fer40	10	20191215
fer40	150	20191219
fer40	30	20191224
fer40	30	20191226
fer40	120	20191227
fer40	130	20191228
fer40	50	20191229
fer40	60	20191230
fer40	20	20191204
fer40	40	20191208
fer40	120	20191211
fer40	40	20191212
fer40	80	20191213
fer40	20	20191216
fer40	20	20191217
fer40	60	20191218
fer40	20	20191221
fer40	40	20191222
fer40	20	20191225
fer40	60	20191231
fer42	3.5	20191204
fer42	1	20191206
fer42	3.5	20191210
fer42	1	20191217
fer42	1	20191218
fer42	7	20191229
fer42	13.5	20191230
fer42	2.5	20191201
fer42	10	20191205
fer42	2.5	20191214
fer42	2.5	20191219
fer42	2.5	20191220
fer42	3	20191202
fer42	3	20191216
fer42	15	20191207
fer42	10	20191213
fer42	10	20191231
fer42	15	20191223
fer44	1	20191218
fer44	11	20191228
fer44	81	20191230
fer44	2.5	20191224
fer44	2.5	20191225
fer44	30.5	20191231
fer44	3	20191203
fer44	8	20191207
fer44	3	20191219
fer44	5	20191211
fer44	5	20191217
fer44	10	20191206
fer44	35	20191216
fer44	10	20191229
fer44	15	20191223
fer44	20	20191210
fer44	25	20191221
fer44	25	20191226
fer44	25	20191227
fer46	0.5	20191203
fer46	0.5	20191231
fer47	3	20191218
fer47	43	20191229
fer47	1	20191227
fer47	2	20191202
fer47	22.5	20191208
fer47	2.5	20191210
fer47	5	20191212
fer47	102.5	20191214
fer47	5	20191216
fer47	2.5	20191219
fer47	2.5	20191220
fer47	2.5	20191228
fer47	22.5	20191230
fer47	15.5	20191231
fer47	4	20191226
fer47	10	20191223
fer47	70	20191201
fer47	10	20191206
fer47	10	20191207
fer47	30	20191211
fer47	10	20191225
fer47	20	20191224
fer48	20	20191203
fer48	10	20191215
fer48	25	20191208
fer48	50	20191228
fer49	6	20191224
fer49	26	20191231
fer49	4.5	20191227
fer49	12.5	20191229
fer49	82.5	20191230
fer49	5	20191201
fer49	15	20191207
fer49	5	20191214
fer49	5	20191217
fer49	30	20191219
fer49	5	20191225
fer49	10	20191203
fer49	45	20191209
fer49	10	20191210
fer49	10	20191226
fer49	40	20191222
fer49	20	20191204
fer49	25	20191206
fer49	25	20191215
fer49	50	20191220
fer5	2.7	20191201
fer5	0.7	20191205
fer5	0.7	20191224
fer5	3	20191204
fer5	1	20191207
fer5	1	20191209
fer5	1	20191216
fer5	3.5	20191228
fer5	1	20191230
fer5	2.5	20191211
fer5	2.5	20191229
fer5	10	20191227
fer5	10	20191231
fer5	50	20191219
fer50	30	20191201
fer50	4	20191208
fer50	1	20191209
fer50	6.5	20191216
fer50	1	20191225
fer50	13.5	20191226
fer50	11	20191227
fer50	8	20191229
fer50	1	20191230
fer50	2	20191217
fer50	2	20191219
fer50	7	20191220
fer50	2.5	20191222
fer50	3	20191218
fer50	5	20191203
fer50	5	20191206
fer50	5	20191207
fer50	5	20191210
fer50	5	20191214
fer50	5	20191223
fer50	5	20191224
fer50	10	20191228
fer51	2.5	20191216
fer53	5	20191201
fer53	5	20191203
fer53	27.5	20191206
fer53	2.5	20191207
fer53	2.5	20191208
fer53	2.5	20191216
fer53	2.5	20191229
fer53	25	20191226
fer54	1.1	20191210
fer54	4	20191214
fer54	10	20191218
fer55	1	20191222
fer55	2	20191212
fer55	10	20191231
fer55	70	20191201
fer56	1	20191218
fer56	1	20191225
fer56	2	20191202
fer56	2	20191228
fer56	6	20191231
fer57	1	20191201
fer57	1	20191202
fer57	1	20191203
fer57	1	20191206
fer57	1	20191207
fer57	1	20191209
fer57	1	20191218
fer58	0.1	20191208
fer6	1	20191206
fer6	2.5	20191203
fer7	2.5	20191231
fer8	25.7	20191230
fer8	2.5	20191206
fer8	25	20191210
fer8	25	20191220
fer8	100	20191228
fer9	0.5	20191207
fer9	0.5	20191213
fer9	25.5	20191228
fer9	14	20191203
fer9	6	20191216
fer9	26	20191227
fer9	2	20191208
fer9	127	20191209
fer9	2	20191215
fer9	35	20191211
fer9	30	20191217
fer9	55	20191230
fer9	10	20191204
fer9	125	20191201
fer9	25	20191212
fer9	25	20191223
fer9	50	20191229
fer9	175	20191231
fix0	10	20191210
fix0	20	20191216
fix0	22	20191204
fix0	102	20191211
fix0	50	20191227
fix0	100	20191207
fix0	200	20191229
fix0	1000	20191212
fix1	10	20191204
fix1	10	20191218
fix1	20	20191227
fix1	22	20191203
fix1	22	20191209
fix2	50	20191209
fix4	1094	20191209
fix4	326	20191204
fix4	1715	20191205
fix4	1540	20191222
fix4	10	20191226
fix4	1277	20191201
fix4	379	20191211
fix4	216	20191214
fix4	700	20191202
fix4	2920	20191203
fix4	440	20191208
fix4	1700	20191210
fix4	490	20191212
fix4	445	20191215
fix4	185	20191217
fix4	275	20191218
fix4	45	20191220
fix4	85	20191221
fix4	340	20191227
fix4	1000	20191228
fix4	510	20191229
fix4	395	20191230
fix4	222	20191213
fix4	525	20191206
fix4	300	20191207
fix4	400	20191216
fix4	50	20191225
fix4	350	20191231
fix4	135	20191223
fix4	100	20191219
gro0	440	20191201
gro0	292	20191207
gro0	24	20191230
gro0	105	20191203
gro0	115	20191204
gro0	65	20191208
gro0	110	20191209
gro0	5	20191218
gro0	158	20191205
gro0	55	20191202
gro0	15	20191212
gro0	15	20191214
gro0	35	20191215
gro0	30	20191228
gro0	40	20191210
gro0	45	20191213
gro0	40	20191216
gro0	20	20191217
gro0	20	20191225
gro0	25	20191224
gro0	30	20191219
gro1	95	20191202
gro1	45	20191211
gro1	30	20191201
gro1	50	20191203
gro1	30	20191204
gro1	30	20191208
gro1	10	20191209
gro1	30	20191220
gro1	30	20191217
gro10	1	20191201
gro10	1	20191202
gro10	1	20191210
gro10	1	20191212
gro10	2	20191217
gro10	1	20191218
gro10	3	20191223
gro10	1	20191225
gro10	1	20191227
gro10	1	20191228
gro10	1	20191229
gro10	1	20191230
gro11	2	20191205
gro11	1	20191206
gro11	1	20191211
gro11	1	20191216
gro11	1	20191220
gro11	2	20191225
gro11	1	20191227
gro12	3	20191201
gro12	4	20191202
gro12	6	20191203
gro12	2	20191204
gro12	1	20191205
gro12	1	20191207
gro12	2	20191208
gro12	2	20191209
gro12	1	20191212
gro12	1	20191213
gro12	1	20191214
gro12	1	20191218
gro12	1	20191227
gro12	2	20191230
gro12	3	20191231
gro13	20	20191203
gro13	100	20191204
gro13	100	20191228
gro13	100	20191229
gro14	1	20191201
gro14	1	20191202
gro14	1	20191203
gro14	1	20191204
gro14	1	20191205
gro14	1	20191208
gro14	1	20191209
gro14	1	20191211
gro14	1	20191217
gro14	2	20191227
gro14	1	20191230
gro15	1	20191201
gro15	5	20191202
gro15	2	20191204
gro15	2	20191205
gro15	12	20191206
gro15	2	20191207
gro15	4	20191208
gro15	7	20191209
gro15	3	20191211
gro15	1	20191215
gro15	2	20191216
gro15	3	20191217
gro15	1	20191218
gro15	1	20191220
gro15	1	20191221
gro15	1	20191227
gro15	3	20191229
gro15	1	20191230
gro15	1	20191231
gro16	2	20191201
gro16	1	20191202
gro16	1	20191204
gro16	3	20191205
gro16	1	20191206
gro16	2	20191207
gro16	2	20191209
gro16	1	20191210
gro16	1	20191211
gro16	2	20191216
gro16	1	20191218
gro16	4	20191219
gro16	1	20191220
gro16	2	20191222
gro16	1	20191223
gro16	1	20191227
gro17	1	20191209
gro17	3	20191204
gro17	8	20191214
gro17	11	20191211
gro17	100	20191206
gro18	1	20191201
gro18	3	20191202
gro18	2	20191204
gro18	4	20191205
gro18	1	20191208
gro18	5	20191210
gro18	1	20191211
gro18	1	20191216
gro18	2	20191217
gro18	4	20191228
gro18	2	20191230
gro18	1	20191231
gro19	1	20191205
gro19	1	20191211
gro19	1	20191228
gro2	5	20191201
gro2	75	20191202
gro2	5	20191210
gro2	10	20191204
gro2	30	20191208
gro2	20	20191213
gro20	1	20191201
gro20	1	20191207
gro20	1	20191216
gro20	1	20191227
gro20	1	20191230
gro21	105	20191201
gro21	6	20191211
gro21	15	20191208
gro21	200	20191203
gro21	100	20191204
gro21	100	20191228
gro22	1	20191215
gro22	1	20191216
gro22	1	20191217
gro22	1	20191218
gro22	1	20191222
gro22	1	20191229
gro23	2	20191220
gro24	1	20191202
gro24	1	20191203
gro25	6	20191211
gro25	8	20191209
gro25	12	20191213
gro25	20	20191221
gro25	40	20191202
gro25	100	20191223
gro26	1	20191203
gro26	1	20191209
gro26	2	20191211
gro26	1	20191212
gro26	1	20191214
gro26	1	20191222
gro26	1	20191226
gro26	4	20191229
gro26	1	20191231
gro27	2	20191215
gro27	1	20191229
gro28	1	20191210
gro29	10	20191229
gro29	6	20191201
gro29	6	20191202
gro29	9	20191221
gro29	20	20191218
gro29	20	20191222
gro29	30	20191223
gro29	30	20191228
gro3	12	20191217
gro30	10	20191201
gro30	17	20191202
gro30	13	20191203
gro30	18	20191204
gro30	9	20191205
gro30	4	20191206
gro30	3	20191207
gro30	5	20191208
gro30	6	20191209
gro30	5	20191210
gro30	3	20191211
gro30	3	20191212
gro30	9	20191213
gro30	8	20191214
gro30	4	20191215
gro30	4	20191216
gro30	1	20191217
gro30	7	20191218
gro30	2	20191219
gro30	2	20191220
gro30	1	20191222
gro30	3	20191223
gro30	1	20191225
gro30	3	20191227
gro30	3	20191228
gro30	2	20191229
gro30	3	20191230
gro30	3	20191231
gro4	50	20191212
gro5	116	20191204
gro5	32	20191206
gro5	80	20191201
gro5	25	20191205
gro5	60	20191208
gro5	20	20191216
gro5	115	20191202
gro5	45	20191203
gro5	20	20191220
gro5	50	20191213
gro5	250	20191226
gro6	100	20191220
gro9	100	20191220
han0	4	20191212
han0	2	20191215
han0	6	20191230
han10	5	20191205
han10	5	20191230
han12	1	20191228
han12	2	20191231
han12	5	20191215
han4	1	20191207
han4	2	20191201
han4	2	20191210
han4	4	20191212
han4	2	20191215
han4	4	20191206
han4	6	20191230
han4	20	20191226
han5	1	20191214
han5	2	20191208
han5	20	20191222
han6	2	20191208
han9	2	20191201
han9	5	20191215
irr0	2	20191201
irr0	2	20191202
irr0	12	20191211
irr0	2	20191213
irr0	7	20191217
irr0	2	20191221
irr0	5	20191229
irr0	10	20191230
irr0	3	20191206
irr0	8	20191227
irr0	3	20191228
irr0	5	20191216
irr0	5	20191219
irr0	7	20191210
irr0	7	20191215
irr0	7	20191222
irr0	8	20191209
irr1	12	20191213
irr1	3	20191227
irr1	5	20191201
irr1	5	20191215
irr1	5	20191230
irr1	55	20191231
irr1	6	20191229
irr2	2	20191227
irr2	2	20191229
irr2	3	20191218
irr2	3	20191228
irr2	5	20191203
irr2	6	20191214
irr2	10	20191207
irr2	50	20191210
irr2	100	20191215
jif1	50	20191211
jif10	10	20191227
jif12	10	20191221
jif12	50	20191207
jif12	50	20191209
jif12	50	20191214
jif12	50	20191222
jif12	50	20191225
jif12	450	20191228
jif12	50	20191230
jif12	100	20191231
jif12	500	20191212
jif12	6144	20191205
jif12	1536	20191215
jif13	50	20191228
jif13	150	20191231
jif13	100	20191207
jif13	100	20191212
jif13	100	20191217
jif13	400	20191222
jif14	125	20191230
jif14	50	20191201
jif14	50	20191214
jif14	100	20191212
jif14	150	20191208
jif14	300	20191222
jif15	25	20191203
jif15	25	20191221
jif17	25	20191201
jif17	25	20191216
jif17	25	20191217
jif17	25	20191221
jif17	200	20191205
jif17	50	20191212
jif17	50	20191229
jif17	100	20191204
jif17	150	20191213
jif17	200	20191208
jif18	50	20191201
jif18	50	20191220
jif18	200	20191224
jif18	100	20191202
jif18	100	20191206
jif18	100	20191208
jif18	100	20191214
jif18	100	20191215
jif18	2700	20191216
jif18	100	20191217
jif18	300	20191218
jif18	600	20191222
jif18	100	20191227
jif18	100	20191228
jif18	100	20191230
jif18	500	20191205
jif18	1500	20191226
jif18	2000	20191204
jif18	2000	20191211
jif19	30	20191215
jif19	20	20191201
jif19	20	20191203
jif19	70	20191209
jif19	40	20191211
jif19	20	20191212
jif19	220	20191213
jif19	6070	20191214
jif19	60	20191217
jif19	160	20191218
jif19	120	20191219
jif19	20	20191221
jif19	120	20191226
jif19	20	20191227
jif19	120	20191228
jif19	1020	20191230
jif19	50	20191229
jif19	100	20191204
jif19	200	20191216
jif19	200	20191220
jif19	1000	20191207
jif2	200	20191220
jif20	10	20191203
jif20	25	20191218
jif20	150	20191216
jif20	100	20191204
jif20	100	20191214
jif20	300	20191215
jif20	100	20191222
jif20	100	20191228
jif20	200	20191229
jif21	310	20191221
jif21	25	20191205
jif21	25	20191222
jif21	25	20191228
jif21	50	20191213
jif21	50	20191219
jif21	1000	20191203
jif22	2	20191230
jif23	3	20191229
jif24	1	20191209
jif24	1	20191220
jif24	1	20191231
jif24	2	20191210
jif24	4	20191216
jif25	100	20191206
jif26	60	20191226
jif26	50	20191227
jif26	100	20191214
jif3	25	20191203
jif3	100	20191206
jif3	200	20191227
jif4	500	20191230
jif5	30	20191222
jif5	100	20191206
jif5	200	20191229
jif6	10	20191230
jif6	50	20191231
jif7	10	20191209
jif7	25	20191224
jif7	50	20191230
jif7	50	20191223
jif7	100	20191201
jif8	10	20191201
jif8	10	20191219
jif8	25	20191212
jif8	25	20191220
jif9	25	20191231
lab0	10	20191222
lab0	40	20191203
lab0	40	20191224
lab11	100	20191204
lab11	100	20191205
lab11	200	20191207
lab11	200	20191219
lab11	4000	20191213
lab12	100	20191204
lab12	100	20191205
lab12	100	20191210
lab12	100	20191215
lab12	200	20191207
lab12	200	20191219
lab12	300	20191211
lab12	4000	20191213
lab13	100	20191204
lab13	100	20191205
lab13	4000	20191213
lab15	100	20191204
lab15	100	20191205
lab15	200	20191207
lab15	200	20191219
lab15	4000	20191213
lab16	100	20191202
lab16	500	20191203
lab16	1300	20191207
lab16	100	20191209
lab16	500	20191211
lab16	100	20191212
lab16	600	20191213
lab16	200	20191214
lab16	700	20191216
lab16	200	20191217
lab16	100	20191218
lab16	800	20191221
lab16	100	20191222
lab16	100	20191223
lab16	100	20191228
lab16	100	20191229
lab16	200	20191230
lab16	100	20191231
lab16	1200	20191201
lab16	200	20191215
lab16	500	20191219
lab16	1000	20191210
lab16	1000	20191224
lab17	100	20191204
lab17	100	20191205
lab17	200	20191219
lab17	4500	20191213
lab18	100	20191208
lab18	100	20191220
lab18	2000	20191211
lab19	100	20191208
lab19	300	20191211
lab19	500	20191212
lab19	2000	20191210
lab19	15000	20191209
lab20	100	20191208
lab20	100	20191220
lab20	1000	20191202
lab20	1000	20191204
lab22	600	20191202
lab22	100	20191204
lab22	100	20191208
lab22	500	20191212
lab23	1100	20191202
lab23	4100	20191210
lab23	100	20191214
lab23	400	20191217
lab23	300	20191216
lab23	1500	20191205
lab23	500	20191206
lab23	500	20191230
lab23	500	20191231
lab23	1000	20191201
lab23	2000	20191203
lab23	5000	20191209
lab24	1100	20191202
lab24	100	20191208
lab24	100	20191230
lab24	200	20191231
lab24	1000	20191204
lab24	2000	20191219
lab24	2000	20191223
lab25	1	20191206
lab25	1	20191230
lab25	5	20191205
lab25	5	20191224
lab27	20	20191216
lab27	30	20191231
lab27	50	20191227
lab28	100	20191201
lab28	100	20191202
lab28	300	20191203
lab28	100	20191205
lab28	100	20191206
lab28	100	20191209
lab28	100	20191210
lab28	100	20191213
lab28	100	20191217
lab28	100	20191221
lab28	100	20191225
lab29	100	20191201
lab29	100	20191202
lab29	100	20191203
lab29	100	20191206
lab29	100	20191209
lab29	100	20191210
lab29	100	20191217
lab29	100	20191221
lab29	100	20191225
lab30	100	20191201
lab30	100	20191202
lab30	100	20191203
lab30	1100	20191206
lab30	100	20191209
lab30	100	20191210
lab30	100	20191217
lab30	100	20191221
lab30	100	20191225
lab31	100	20191205
lab31	100	20191226
lab32	50	20191223
lab32	100	20191201
lab32	100	20191202
lab32	100	20191203
lab32	100	20191204
lab32	100	20191205
lab32	100	20191206
lab32	100	20191209
lab32	100	20191210
lab32	100	20191213
lab32	100	20191217
lab32	100	20191221
lab32	100	20191225
lab33	100	20191210
lab33	100	20191214
lab33	100	20191224
lab33	200	20191219
lab33	2700	20191215
lab33	1000	20191201
lab33	1000	20191202
lab33	1000	20191204
lab33	1000	20191205
lab33	1000	20191206
lab33	1000	20191212
lab33	1000	20191216
lab33	1000	20191218
lab33	4000	20191220
lab33	2000	20191221
lab33	1000	20191225
lab33	2000	20191228
lab33	1000	20191229
lab33	1000	20191230
lab33	2000	20191231
lab34	50	20191223
lab34	100	20191201
lab34	100	20191202
lab34	400	20191203
lab34	100	20191206
lab34	100	20191209
lab34	100	20191210
lab34	100	20191217
lab34	100	20191221
lab34	100	20191225
lab35	50	20191216
lab35	1000	20191229
lab36	50	20191230
lab36	100	20191201
lab36	100	20191208
lab36	100	20191210
lab36	100	20191211
lab36	400	20191213
lab36	100	20191218
lab36	200	20191202
lab36	200	20191231
lab36	500	20191216
lab37	100	20191204
lab37	100	20191208
lab37	100	20191225
lab37	300	20191227
lab37	300	20191231
lab37	500	20191211
lab43	500	20191216
lab45	25	20191208
lab51	200	20191220
lab53	200	20191220
lab54	10	20191218
lab54	25	20191201
lab54	200	20191220
net0	4	20191208
net0	4	20191211
net0	4	20191231
net0	20	20191227
net0	15	20191204
net0	15	20191209
net1	4	20191216
net1	4	20191229
net1	6	20191211
net1	8	20191218
net1	15	20191205
net10	1	20191228
net10	2	20191206
net10	3	20191201
net10	4	20191210
net10	14	20191213
net10	6	20191217
net10	10	20191219
net10	12	20191205
net11	1	20191211
net11	1	20191221
net11	11	20191227
net11	3	20191201
net11	4	20191229
net11	25	20191231
net11	15	20191217
net11	7	20191219
net11	10	20191216
net11	12	20191209
net11	15	20191215
net12	15	20191203
net12	15	20191210
net13	26	20191202
net13	1	20191205
net13	1	20191210
net13	23	20191218
net13	1	20191229
net13	2	20191212
net13	3	20191230
net15	5	20191215
net15	50	20191206
net15	50	20191207
net15	200	20191209
net15	100	20191211
net15	50	20191212
net15	200	20191214
net15	50	20191216
net15	100	20191217
net15	50	20191219
net15	50	20191220
net15	50	20191222
net15	50	20191226
net15	50	20191227
net15	100	20191229
net16	15	20191201
net16	10	20191207
net16	10	20191210
net16	30	20191216
net16	10	20191230
net17	2	20191211
net17	10	20191218
net17	20	20191221
net17	20	20191230
net2	5	20191205
net2	6	20191228
net2	8	20191201
net2	8	20191219
net20	2	20191223
net20	6	20191215
net20	10	20191203
net21	10	20191208
net22	1	20191229
net22	10	20191221
net24	10	20191205
net24	10	20191216
net24	15	20191229
net3	5	20191214
net3	6	20191209
net3	8	20191216
net3	8	20191231
net4	12	20191215
net4	10	20191228
net4	8	20191227
net4	10	20191206
net4	80	20191212
net5	1	20191219
net5	6	20191201
net5	20	20191210
net5	10	20191216
net5	20	20191206
net5	20	20191208
net5	40	20191215
net5	25	20191213
net6	4	20191204
net6	5	20191220
net6	12	20191231
net6	15	20191201
net6	15	20191213
net6	20	20191215
net7	1	20191201
net7	1	20191202
net7	10	20191203
net7	1	20191205
net7	17	20191210
net7	1	20191213
net7	2	20191218
net7	47	20191228
net7	3	20191221
net7	26	20191206
net7	108	20191209
net7	8	20191217
net7	9	20191211
net7	10	20191230
net7	12	20191215
net7	12	20191225
net7	15	20191229
net7	30	20191222
net8	8	20191202
net8	20	20191204
net8	8	20191206
net8	5	20191216
net8	1	20191217
net8	9	20191219
net8	1	20191227
net8	20	20191228
net8	13	20191229
net8	1	20191230
net8	2	20191223
net8	45	20191205
net8	3	20191210
net8	4	20191207
net8	4	20191218
net8	14	20191213
net8	6	20191224
net8	8	20191203
net8	8	20191208
net8	8	20191211
net8	8	20191231
net8	20	20191226
net8	50	20191209
net9	8	20191202
net9	1	20191203
net9	21	20191222
net9	11	20191227
net9	14	20191213
net9	2	20191217
net9	3	20191214
net9	11	20191201
net9	5	20191204
net9	5	20191216
net9	18	20191228
net9	8	20191215
net9	10	20191210
net9	10	20191225
net9	10	20191230
net9	11	20191208
net9	11	20191211
net9	12	20191206
pes0	372	20191202
pes0	452	20191216
pes0	560	20191201
pes0	240	20191203
pes0	570	20191204
pes0	560	20191205
pes0	450	20191206
pes0	720	20191207
pes0	995	20191208
pes0	540	20191209
pes0	390	20191210
pes0	1100	20191211
pes0	300	20191212
pes0	330	20191213
pes0	450	20191214
pes0	600	20191215
pes0	375	20191217
pes0	420	20191218
pes0	275	20191219
pes0	75	20191220
pes0	285	20191221
pes0	425	20191222
pes0	375	20191223
pes0	155	20191224
pes0	135	20191225
pes0	315	20191226
pes0	660	20191227
pes0	645	20191228
pes0	510	20191229
pes0	480	20191230
pes0	690	20191231
pes10	2	20191219
pes11	4	20191201
pes12	93	20191203
pes12	81	20191208
pes12	104	20191216
pes12	29	20191218
pes12	45	20191230
pes12	100	20191210
pes12	166	20191217
pes12	174	20191201
pes12	202	20191202
pes12	78	20191204
pes12	102	20191205
pes12	48	20191206
pes12	30	20191207
pes12	228	20191209
pes12	88	20191211
pes12	72	20191212
pes12	90	20191213
pes12	48	20191214
pes12	120	20191215
pes12	42	20191219
pes12	36	20191220
pes12	36	20191221
pes12	30	20191222
pes12	36	20191223
pes12	12	20191224
pes12	18	20191225
pes12	48	20191226
pes12	18	20191227
pes12	18	20191228
pes12	36	20191229
pes12	48	20191231
pes14	3	20191221
pes14	3	20191223
pes14	5	20191212
pes14	24	20191203
pes15	1	20191212
pes15	1	20191214
pes15	1	20191219
pes15	1	20191229
pes15	2	20191230
pes16	5	20191218
pes18	11	20191222
pes18	2	20191228
pes18	3	20191230
pes18	10	20191209
pes18	10	20191210
pes18	10	20191216
pes18	10	20191220
pes18	10	20191223
pes18	20	20191224
pes19	4	20191224
pes19	2	20191228
pes2	1	20191205
pes2	1	20191220
pes2	4	20191210
pes2	2	20191224
pes2	6	20191207
pes20	1	20191210
pes20	1	20191211
pes20	1	20191212
pes20	1	20191217
pes21	1	20191209
pes22	1	20191212
pes23	1	20191201
pes23	8	20191202
pes23	1	20191203
pes23	5	20191205
pes23	1	20191207
pes23	3	20191208
pes23	3	20191210
pes23	5	20191211
pes23	1	20191213
pes23	2	20191215
pes23	1	20191216
pes23	1	20191218
pes23	1	20191221
pes23	1	20191226
pes23	1	20191228
pes23	5	20191230
pes23	1	20191231
pes23	5	20191212
pes23	2	20191229
pes23	3	20191209
pes24	3	20191202
pes24	1	20191213
pes24	1	20191218
pes24	1	20191219
pes24	5	20191221
pes24	1	20191223
pes24	1	20191225
pes24	9	20191227
pes24	1	20191228
pes24	1	20191230
pes24	1	20191231
pes24	8	20191203
pes24	4	20191215
pes24	2	20191216
pes24	5	20191207
pes24	5	20191209
pes24	10	20191217
pes25	2	20191209
pes25	1	20191213
pes25	6	20191216
pes25	1	20191223
pes25	21	20191224
pes25	1	20191226
pes25	1	20191228
pes25	10	20191229
pes25	1	20191231
pes25	2	20191217
pes25	3	20191212
pes25	4	20191204
pes26	708	20191202
pes26	195	20191201
pes26	330	20191203
pes26	540	20191204
pes26	345	20191205
pes26	75	20191206
pes26	330	20191207
pes26	240	20191208
pes26	165	20191209
pes26	720	20191210
pes26	45	20191211
pes26	120	20191212
pes26	60	20191214
pes26	240	20191215
pes26	60	20191216
pes26	90	20191219
pes26	15	20191220
pes26	600	20191221
pes26	30	20191222
pes26	135	20191223
pes26	375	20191226
pes26	45	20191227
pes26	225	20191228
pes26	135	20191229
pes26	45	20191230
pes26	60	20191231
pes26	45	20191218
pes26	60	20191217
pes26	75	20191213
pes26	450	20191224
pes27	276	20191201
pes27	211	20191202
pes27	111	20191203
pes27	171	20191204
pes27	124	20191205
pes27	279	20191206
pes27	75	20191207
pes27	134	20191208
pes27	329	20191209
pes27	141	20191210
pes27	180	20191211
pes27	41	20191212
pes27	104	20191213
pes27	140	20191214
pes27	58	20191215
pes27	203	20191217
pes27	91	20191219
pes27	58	20191220
pes27	98	20191221
pes27	110	20191222
pes27	138	20191223
pes27	58	20191225
pes27	66	20191226
pes27	106	20191227
pes27	51	20191228
pes27	193	20191229
pes27	88	20191231
pes27	122	20191216
pes27	147	20191218
pes27	155	20191230
pes27	50	20191224
pes28	1476	20191201
pes28	1583	20191202
pes28	1417	20191203
pes28	1670	20191204
pes28	1056	20191205
pes28	902	20191206
pes28	1131	20191207
pes28	1159	20191208
pes28	1474	20191209
pes28	1108	20191210
pes28	1237	20191211
pes28	1093	20191212
pes28	685	20191213
pes28	801	20191214
pes28	959	20191215
pes28	865	20191216
pes28	1732	20191217
pes28	951	20191218
pes28	717	20191219
pes28	471	20191220
pes28	785	20191221
pes28	481	20191222
pes28	695	20191223
pes28	420	20191224
pes28	286	20191225
pes28	876	20191226
pes28	957	20191227
pes28	994	20191228
pes28	1127	20191229
pes28	911	20191230
pes28	945	20191231
pes3	1	20191207
pes3	1	20191222
pes32	1	20191206
pes32	1	20191216
pes33	7	20191226
pes4	1	20191217
pes4	17	20191208
pes4	2	20191220
pes4	2	20191224
pes4	2	20191226
pes4	4	20191231
pes4	3	20191201
pes4	3	20191205
pes4	25	20191214
pes4	3	20191216
pes4	3	20191222
pes4	4	20191202
pes4	14	20191204
pes4	23	20191209
pes4	10	20191210
pes4	12	20191211
pes4	9	20191213
pes4	10	20191229
pes4	6	20191206
pes4	6	20191227
pes6	1	20191209
pes7	3	20191206
pes7	1	20191207
pes7	2	20191208
pes7	14	20191212
pes7	1	20191213
pes7	5	20191214
pes7	14	20191216
pes7	1	20191217
pes7	5	20191218
pes7	5	20191219
pes7	6	20191220
pes7	1	20191222
pes7	23	20191223
pes7	5	20191226
pes7	2	20191228
pes7	6	20191229
pes7	5	20191230
pes7	2	20191227
pes7	4	20191211
pes8	2	20191218
pes8	4	20191202
pes9	2	20191201
pes9	1	20191204
pes9	3	20191205
pes9	3	20191206
pes9	1	20191207
pes9	2	20191208
pes9	1	20191219
pol0	2	20191211
pol0	5	20191230
pol0	30	20191201
pol0	10	20191204
pol0	30	20191206
pol0	40	20191210
pol0	10	20191214
pol0	10	20191228
pol0	50	20191231
pol1	2	20191215
pol1	3	20191214
pol1	106	20191210
pol1	20	20191223
pol1	100	20191219
pol10	6	20191228
pol10	15	20191224
pol10	25	20191208
pol14	1	20191201
pol14	1	20191204
pol14	2	20191205
pol14	3	20191206
pol14	2	20191207
pol14	2	20191208
pol14	4	20191209
pol14	1	20191210
pol14	1	20191211
pol14	1	20191213
pol14	1	20191218
pol14	1	20191219
pol14	2	20191220
pol14	2	20191221
pol14	1	20191222
pol14	1	20191223
pol14	1	20191227
pol14	1	20191229
pol14	2	20191230
pol15	2	20191201
pol15	1	20191202
pol15	1	20191203
pol15	3	20191206
pol15	1	20191207
pol15	1	20191208
pol15	4	20191209
pol15	1	20191210
pol15	1	20191211
pol15	1	20191212
pol15	1	20191214
pol15	1	20191215
pol15	1	20191221
pol15	1	20191226
pol15	3	20191229
pol15	2	20191205
pol15	2	20191220
pol16	1	20191201
pol16	4	20191204
pol16	1	20191207
pol16	2	20191208
pol16	4	20191209
pol16	3	20191210
pol16	2	20191211
pol16	1	20191212
pol16	4	20191214
pol16	4	20191215
pol16	5	20191216
pol16	3	20191217
pol16	1	20191218
pol16	6	20191219
pol16	3	20191221
pol16	1	20191223
pol16	1	20191224
pol16	1	20191228
pol16	1	20191229
pol16	3	20191230
pol16	2	20191222
pol16	5	20191213
pol17	4	20191201
pol17	5	20191208
pol17	5	20191209
pol17	7	20191210
pol17	2	20191211
pol17	4	20191212
pol17	1	20191213
pol17	2	20191214
pol17	3	20191216
pol17	1	20191218
pol17	4	20191219
pol17	3	20191220
pol17	3	20191228
pol17	1	20191231
pol18	5	20191201
pol18	1	20191203
pol18	2	20191204
pol18	1	20191205
pol18	1	20191206
pol18	1	20191207
pol18	1	20191208
pol18	1	20191209
pol18	4	20191210
pol18	2	20191211
pol18	1	20191212
pol18	1	20191214
pol18	1	20191217
pol18	1	20191218
pol18	2	20191219
pol18	2	20191220
pol18	2	20191222
pol18	1	20191227
pol19	1	20191203
pol19	5	20191204
pol19	2	20191205
pol19	3	20191208
pol19	1	20191209
pol19	1	20191210
pol19	1	20191212
pol19	1	20191216
pol19	1	20191217
pol19	1	20191218
pol19	1	20191222
pol19	1	20191223
pol19	1	20191226
pol19	1	20191228
pol19	1	20191229
pol19	1	20191230
pol2	50	20191201
pol2	15	20191204
pol2	5	20191208
pol2	5	20191216
pol2	10	20191202
pol2	120	20191207
pol2	70	20191211
pol2	40	20191215
pol2	30	20191219
pol2	50	20191220
pol2	10	20191221
pol2	10	20191227
pol2	30	20191230
pol2	30	20191231
pol2	20	20191212
pol2	20	20191223
pol2	20	20191228
pol2	20	20191229
pol2	60	20191210
pol2	100	20191203
pol20	1	20191202
pol20	1	20191204
pol20	1	20191205
pol20	2	20191208
pol20	2	20191209
pol20	1	20191210
pol20	1	20191211
pol20	1	20191214
pol20	1	20191219
pol20	2	20191220
pol20	2	20191221
pol20	1	20191227
pol21	6	20191204
pol21	7	20191205
pol21	1	20191206
pol21	1	20191207
pol21	1	20191209
pol21	4	20191211
pol21	1	20191215
pol21	1	20191216
pol21	10	20191217
pol21	3	20191218
pol21	2	20191219
pol21	6	20191221
pol21	1	20191222
pol21	4	20191226
pol21	9	20191227
pol21	1	20191228
pol21	7	20191229
pol21	8	20191230
pol21	7	20191231
pol21	2	20191220
pol21	4	20191202
pol21	10	20191201
pol22	2	20191209
pol22	1	20191212
pol22	10	20191213
pol22	1	20191215
pol22	1	20191221
pol22	1	20191222
pol22	1	20191228
pol22	4	20191229
pol22	3	20191202
pol22	6	20191211
pol22	5	20191217
pol22	5	20191223
pol22	5	20191231
pol22	8	20191210
pol23	1	20191201
pol23	4	20191226
pol23	5	20191224
pol24	4	20191224
pol24	4	20191230
pol3	6	20191219
pol3	46	20191203
pol3	7	20191211
pol3	7	20191216
pol3	9	20191201
pol3	27	20191202
pol3	9	20191206
pol3	9	20191212
pol3	9	20191215
pol3	10	20191204
pol3	10	20191207
pol3	12	20191209
pol4	18	20191228
pol4	2	20191218
pol4	3	20191231
pol4	5	20191230
pol4	7	20191212
pol4	10	20191220
pol4	40	20191214
pol5	3	20191208
pol5	53	20191209
pol5	145	20191202
pol5	35	20191212
pol5	5	20191214
pol5	25	20191230
pol5	6	20191215
pol5	28	20191211
pol5	19	20191201
pol5	10	20191203
pol5	10	20191204
pol5	20	20191205
pol5	10	20191210
pol5	30	20191217
pol5	10	20191218
pol5	40	20191219
pol5	10	20191227
pol5	10	20191228
pol5	20	20191226
pol5	20	20191229
pol6	42	20191202
pol6	23	20191209
pol6	35	20191210
pol6	1	20191211
pol6	92	20191215
pol6	27	20191219
pol6	2	20191206
pol6	13	20191207
pol6	53	20191212
pol6	342	20191217
pol6	35	20191218
pol6	64	20191230
pol6	18	20191201
pol6	8	20191221
pol6	10	20191208
pol6	20	20191213
pol6	70	20191214
pol6	40	20191216
pol6	20	20191222
pol6	10	20191224
pol6	40	20191226
pol6	30	20191228
pol6	40	20191229
pol6	70	20191231
pol6	12	20191203
pol6	40	20191204
pol6	20	20191205
pol7	5	20191217
pol7	10	20191207
pol7	10	20191214
pol7	10	20191226
pol8	9	20191217
pol8	6	20191216
pol8	7	20191221
pol8	11	20191206
pol9	0	20191212
pot1	3	20191201
pot1	4	20191202
pot1	1	20191203
pot1	1	20191206
pot1	3	20191208
pot1	1	20191209
pot1	1	20191210
pot1	1	20191211
pot1	1	20191214
pot1	1	20191216
pot1	1	20191230
pot10	23	20191202
pot10	10	20191204
pot10	10	20191206
pot10	10	20191209
pot10	12	20191231
pot12	80	20191202
pot12	360	20191208
pot12	60	20191213
pot12	220	20191218
pot12	20	20191221
pot12	80	20191226
pot12	160	20191231
pot12	100	20191201
pot12	100	20191204
pot12	260	20191205
pot12	60	20191210
pot12	60	20191211
pot12	60	20191212
pot12	120	20191216
pot12	60	20191217
pot12	180	20191219
pot12	320	20191224
pot12	180	20191227
pot12	420	20191228
pot12	240	20191230
pot12	100	20191209
pot12	100	20191223
pot12	200	20191229
pot15	1	20191201
pot15	18	20191205
pot15	1	20191216
pot15	9	20191227
pot15	17	20191228
pot15	9	20191202
pot15	34	20191231
pot15	4	20191204
pot15	4	20191225
pot15	15	20191207
pot15	5	20191213
pot15	5	20191221
pot15	5	20191224
pot15	15	20191226
pot15	5	20191229
pot15	5	20191230
pot15	8	20191218
pot16	1	20191201
pot16	4	20191202
pot16	1	20191204
pot16	3	20191207
pot16	3	20191209
pot16	1	20191211
pot16	2	20191213
pot16	1	20191215
pot16	6	20191219
pot16	6	20191221
pot16	13	20191228
pot16	26	20191230
pot16	2	20191220
pot16	17	20191227
pot16	3	20191203
pot16	3	20191216
pot16	18	20191231
pot16	5	20191222
pot16	5	20191224
pot16	5	20191226
pot16	33	20191229
pot17	1	20191204
pot17	1	20191206
pot17	3	20191209
pot17	1	20191210
pot17	1	20191220
pot18	1	20191215
pot18	1	20191223
pot18	7	20191227
pot19	1	20191201
pot19	2	20191202
pot19	1	20191217
pot19	1	20191218
pot19	1	20191230
pot19	2	20191212
pot19	2	20191231
pot19	3	20191211
pot2	1	20191203
pot2	1	20191204
pot2	2	20191205
pot2	1	20191206
pot2	1	20191207
pot2	1	20191208
pot2	1	20191211
pot2	1	20191212
pot2	1	20191220
pot2	4	20191202
pot20	1	20191206
pot20	1	20191211
pot20	1	20191214
pot20	1	20191226
pot20	4	20191218
pot20	4	20191223
pot21	1	20191201
pot21	4	20191203
pot21	7	20191204
pot21	8	20191205
pot21	1	20191207
pot21	1	20191208
pot21	2	20191209
pot21	1	20191210
pot21	1	20191211
pot21	1	20191213
pot21	1	20191222
pot21	1	20191223
pot21	2	20191227
pot21	1	20191228
pot21	3	20191230
pot21	11	20191231
pot21	8	20191212
pot21	2	20191217
pot23	1	20191228
pot23	1	20191229
pot23	4	20191216
pot23	100	20191220
pot24	1	20191228
pot24	2	20191229
pot245	1	20191228
pot245	1	20191229
pot25	1	20191228
pot25	1	20191229
pot26	1	20191228
pot26	1	20191229
pot26	4	20191214
pot26	10	20191227
pot27	1	20191212
pot27	1	20191228
pot27	1	20191229
pot27	10	20191220
pot27	100	20191208
pot27	100	20191214
pot28	25	20191230
pot29	30	20191203
pot29	30	20191218
pot3	2	20191202
pot3	1	20191207
pot3	1	20191229
pot30	20	20191203
pot30	50	20191215
pot33	10	20191214
pot33	20	20191218
pot33	25	20191205
pot33	50	20191213
pot33	40	20191203
pot33	50	20191223
pot33	50	20191231
pot34	100	20191230
pot35	2	20191210
pot35	4	20191202
pot35	4	20191203
pot35	4	20191206
pot35	4	20191226
pot35	136	20191205
pot35	8	20191231
pot35	20	20191229
pot35	20	20191230
pot35	300	20191209
pot35	300	20191214
pot36	2	20191203
pot36	4	20191216
pot36	4	20191202
pot36	4	20191206
pot36	10	20191212
pot36	100	20191220
pot37	200	20191216
pot38	4	20191202
pot38	4	20191206
pot38	6	20191210
pot38	6	20191230
pot38	10	20191225
pot38	30	20191216
pot38	50	20191211
pot39	2	20191211
pot39	58	20191230
pot39	10	20191207
pot4	1	20191208
pot4	1	20191212
pot41	4	20191201
pot41	24	20191209
pot41	8	20191231
pot41	10	20191228
pot42	2	20191201
pot42	2	20191206
pot42	2	20191216
pot42	2	20191218
pot42	2	20191220
pot42	14	20191229
pot42	8	20191223
pot42	10	20191224
pot42	20	20191231
pot43	2	20191212
pot43	2	20191221
pot43	16	20191209
pot43	8	20191206
pot43	10	20191228
pot43	10	20191229
pot44	10	20191212
pot44	80	20191210
pot44	40	20191230
pot46	1	20191231
pot46	5	20191201
pot48	50	20191218
pot48	200	20191202
pot48	100	20191205
pot48	100	20191207
pot48	100	20191209
pot48	100	20191214
pot48	100	20191224
pot48	300	20191226
pot48	300	20191231
pot49	50	20191208
pot49	100	20191230
pot5	44	20191201
pot5	20	20191214
pot5	20	20191219
pot5	20	20191228
pot5	30	20191229
pot5	40	20191226
pot5	50	20191222
pot5	60	20191223
pot5	100	20191211
pot50	10	20191206
pot50	10	20191214
pot50	20	20191218
pot50	50	20191212
pot50	50	20191230
pot51	100	20191201
pot51	100	20191207
pot51	100	20191217
pot51	100	20191223
pot52	1	20191202
pot52	1	20191205
pot52	1	20191216
pot52	1	20191220
pot52	1	20191231
pot52	2	20191212
pot52	4	20191215
pot52	6	20191208
pot52	6	20191210
pot52	6	20191211
pot52	40	20191229
pot52	100	20191203
pot53	3	20191202
pot53	4	20191227
pot53	2	20191229
pot53	12	20191201
pot53	2	20191231
pot53	4	20191206
pot53	6	20191208
pot53	10	20191209
pot53	15	20191203
pot54	1	20191212
pot54	11	20191222
pot54	2	20191206
pot54	15	20191203
pot54	20	20191231
pot55	1	20191219
pot55	2	20191229
pot55	4	20191205
pot55	4	20191212
pot55	4	20191222
pot55	4	20191227
pot55	4	20191228
pot55	10	20191231
pot55	30	20191208
pot56	2	20191215
pot56	1	20191223
pot56	1	20191227
pot56	2	20191222
pot56	12	20191228
pot56	10	20191209
pot56	10	20191229
pot56	15	20191214
pot57	1	20191204
pot57	1	20191215
pot57	3	20191217
pot57	4	20191229
pot57	2	20191202
pot57	10	20191223
pot58	1	20191219
pot58	2	20191208
pot58	4	20191201
pot58	4	20191229
pot58	6	20191220
pot58	6	20191223
pot58	20	20191217
pot58	15	20191204
pot58	15	20191207
pot58	20	20191211
pot59	3	20191201
pot59	8	20191202
pot59	6	20191204
pot59	1	20191205
pot59	3	20191207
pot59	1	20191209
pot59	1	20191211
pot59	3	20191214
pot59	1	20191215
pot59	1	20191219
pot59	1	20191221
pot59	1	20191223
pot59	3	20191228
pot59	1	20191230
pot59	2	20191216
pot59	3	20191203
pot59	13	20191227
pot59	3	20191231
pot59	8	20191218
pot59	10	20191225
pot6	20	20191214
pot6	30	20191215
pot6	40	20191226
pot6	50	20191206
pot60	5	20191201
pot60	2	20191202
pot60	3	20191203
pot60	1	20191206
pot60	3	20191208
pot60	1	20191209
pot60	7	20191210
pot60	1	20191215
pot60	1	20191217
pot60	1	20191220
pot60	3	20191227
pot60	2	20191212
pot60	2	20191218
pot60	2	20191231
pot60	4	20191226
pot62	30	20191205
pot63	2	20191221
pot63	10	20191205
pot63	10	20191227
pot64	2	20191206
pot66	2	20191231
pot68	2	20191210
pot68	102	20191216
pot68	6	20191218
pot68	2	20191229
pot68	110	20191202
pot68	56	20191221
pot68	126	20191230
pot68	10	20191217
pot68	10	20191223
pot68	10	20191227
pot68	10	20191228
pot68	20	20191224
pot68	80	20191220
pot68	50	20191213
pot68	100	20191201
pot68	100	20191211
pot68	200	20191203
pot69	22	20191202
pot69	2	20191206
pot69	8	20191207
pot69	22	20191210
pot69	4	20191229
pot69	16	20191209
pot69	6	20191218
pot69	6	20191226
pot69	16	20191227
pot69	58	20191205
pot69	60	20191204
pot69	30	20191224
pot69	20	20191214
pot69	20	20191216
pot69	20	20191222
pot69	20	20191230
pot69	30	20191203
pot69	50	20191217
pot69	60	20191201
pot69	100	20191223
pot69	200	20191225
pot7	2	20191211
pot7	20	20191210
pot7	25	20191219
pot7	100	20191228
pot70	12	20191202
pot70	2	20191210
pot70	404	20191218
pot70	2	20191222
pot70	4	20191206
pot70	84	20191208
pot70	16	20191215
pot70	42	20191230
pot70	10	20191207
pot70	10	20191212
pot70	20	20191224
pot70	20	20191226
pot70	50	20191211
pot70	150	20191217
pot70	400	20191216
pot71	122	20191211
pot71	202	20191216
pot71	12	20191221
pot71	10	20191207
pot71	610	20191210
pot71	16	20191206
pot71	30	20191201
pot71	60	20191208
pot71	30	20191213
pot71	10	20191229
pot71	20	20191202
pot71	125	20191204
pot71	20	20191205
pot71	20	20191230
pot71	50	20191217
pot71	60	20191231
pot72	16	20191203
pot72	2	20191207
pot72	12	20191210
pot72	4	20191218
pot72	10	20191202
pot72	10	20191201
pot72	10	20191216
pot72	10	20191226
pot72	40	20191222
pot72	20	20191224
pot72	30	20191204
pot72	30	20191208
pot72	30	20191209
pot72	30	20191212
pot72	40	20191220
pot72	50	20191213
pot72	50	20191231
pot73	26	20191209
pot73	6	20191227
pot73	62	20191229
pot73	4	20191202
pot73	4	20191205
pot73	4	20191206
pot73	4	20191211
pot73	6	20191224
pot73	6	20191231
pot73	8	20191219
pot73	40	20191201
pot73	10	20191203
pot73	110	20191204
pot73	10	20191213
pot73	10	20191214
pot73	10	20191215
pot73	10	20191220
pot73	10	20191221
pot73	10	20191225
pot73	30	20191210
pot73	30	20191216
pot73	100	20191223
pot74	2	20191201
pot74	2	20191202
pot74	42	20191205
pot74	2	20191207
pot74	4	20191209
pot74	52	20191210
pot74	2	20191212
pot74	6	20191214
pot74	12	20191229
pot74	12	20191231
pot74	54	20191204
pot74	14	20191216
pot74	4	20191227
pot74	8	20191224
pot74	40	20191208
pot74	30	20191211
pot74	30	20191220
pot74	30	20191222
pot74	90	20191215
pot74	50	20191230
pot75	42	20191206
pot75	4	20191229
pot75	14	20191202
pot75	74	20191211
pot75	4	20191226
pot75	4	20191228
pot75	46	20191208
pot75	36	20191210
pot75	32	20191216
pot75	16	20191224
pot75	48	20191205
pot75	8	20191221
pot75	40	20191203
pot75	30	20191204
pot75	20	20191218
pot75	30	20191219
pot75	10	20191220
pot75	60	20191230
pot75	20	20191213
pot75	20	20191215
pot75	20	20191227
pot75	100	20191223
pot76	1	20191227
pot76	14	20191202
pot76	20	20191209
pot76	22	20191211
pot76	16	20191231
pot76	4	20191205
pot76	14	20191207
pot76	12	20191221
pot76	6	20191228
pot76	50	20191204
pot77	32	20191201
pot77	102	20191204
pot77	42	20191211
pot77	8	20191212
pot77	8	20191222
pot77	6	20191227
pot77	72	20191231
pot77	44	20191202
pot77	14	20191209
pot77	12	20191213
pot77	54	20191205
pot77	56	20191208
pot77	26	20191210
pot77	26	20191217
pot77	108	20191230
pot77	10	20191203
pot77	30	20191206
pot77	20	20191207
pot77	20	20191214
pot77	20	20191215
pot77	10	20191216
pot77	10	20191218
pot77	20	20191219
pot77	10	20191220
pot77	50	20191223
pot77	10	20191224
pot77	10	20191228
pot77	30	20191229
pot78	8	20191202
pot78	2	20191215
pot78	6	20191201
pot78	14	20191217
pot78	6	20191219
pot78	26	20191226
pot78	8	20191218
pot78	10	20191203
pot78	10	20191205
pot78	30	20191210
pot78	10	20191214
pot78	10	20191216
pot78	10	20191221
pot78	10	20191225
pot78	10	20191230
pot78	20	20191204
pot78	20	20191208
pot79	2	20191207
pot79	2	20191216
pot79	4	20191229
pot79	4	20191201
pot79	4	20191206
pot79	6	20191211
pot79	10	20191202
pot79	10	20191213
pot8	2	20191207
pot8	10	20191214
pot8	10	20191230
pot8	20	20191209
pot8	20	20191210
pot8	40	20191212
pot8	300	20191228
pot80	3	20191214
pot80	1	20191223
pot80	2	20191203
pot80	10	20191230
pot80	20	20191231
pot81	8	20191222
pot82	12	20191203
pot83	1	20191208
pot83	2	20191204
pot83	2	20191214
pot83	2	20191227
pot84	22	20191219
pot84	164	20191221
pot84	58	20191205
pot84	10	20191224
pot84	10	20191229
pot84	190	20191231
pot84	70	20191201
pot84	140	20191203
pot84	70	20191213
pot84	100	20191208
pot84	230	20191206
pot84	250	20191202
pot84	150	20191211
pot84	160	20191212
pot84	50	20191226
pot84	100	20191227
pot84	100	20191207
pot84	100	20191214
pot84	100	20191217
pot84	100	20191230
pot84	250	20191215
pot84	400	20191228
pot85	1	20191209
pot85	1	20191219
pot85	24	20191218
pot85	10	20191229
pot85	20	20191206
pot85	20	20191208
pot85	20	20191221
pot85	20	20191223
pot85	20	20191227
pot85	30	20191204
pot85	90	20191207
pot85	50	20191210
pot86	81	20191217
pot86	6	20191224
pot86	20	20191201
pot86	40	20191203
pot86	10	20191210
pot86	20	20191218
pot86	20	20191229
pot86	30	20191214
pot86	50	20191208
pot87	10	20191217
pot87	10	20191223
pot87	40	20191211
pot88	2	20191204
pot88	34	20191230
pot88	6	20191202
pot88	16	20191206
pot88	6	20191231
pot88	8	20191208
pot88	8	20191216
pot88	8	20191227
pot88	10	20191203
pot88	10	20191221
pot88	10	20191223
pot88	20	20191211
pot88	20	20191214
pot88	50	20191218
pot88	20	20191220
pot88	20	20191229
pot88	50	20191215
pot89	20	20191219
pot89	100	20191201
pot89	100	20191202
pot89	300	20191203
pot89	100	20191204
pot89	200	20191205
pot89	100	20191206
pot89	200	20191208
pot89	1100	20191211
pot89	1750	20191212
pot89	100	20191214
pot89	100	20191215
pot89	100	20191217
pot89	100	20191223
pot89	100	20191226
pot89	100	20191227
pot89	200	20191228
pot89	800	20191230
pot89	100	20191231
pot89	1200	20191210
pot89	300	20191229
pot89	500	20191221
pot89	1000	20191225
pot9	10	20191202
pot9	10	20191214
pot9	10	20191225
pot9	20	20191211
pot9	40	20191212
pot9	20	20191230
pot9	40	20191226
pot9	80	20191228
pot9	100	20191216
pot90	1	20191216
pot90	2	20191213
pot90	6	20191208
pot90	6	20191220
pot90	10	20191205
pot90	10	20191228
pot91	110	20191214
pot91	210	20191230
pot91	20	20191201
pot91	170	20191218
pot91	220	20191220
pot91	420	20191224
pot91	50	20191208
pot91	50	20191213
pot91	150	20191216
pot91	360	20191229
pot91	150	20191231
pot91	100	20191202
pot91	600	20191204
pot91	600	20191205
pot91	400	20191206
pot91	200	20191207
pot91	100	20191210
pot91	350	20191217
pot91	1700	20191221
pot91	100	20191223
pot91	100	20191225
pot91	200	20191227
pot91	200	20191219
pot91	250	20191226
pot91	300	20191228
pot95	100	20191202
pot97	1	20191216
pot97	1	20191223
pot97	2	20191205
pot97	9	20191231
pot97	4	20191201
sal0	621.75	20191202
sal0	396.875	20191203
sal0	511.25	20191206
sal0	177.875	20191208
sal0	804.563	20191209
sal0	452.5	20191210
sal0	467.188	20191217
sal0	59.625	20191224
sal0	9.75	20191225
sal0	115.75	20191226
sal0	122.75	20191231
sal0	299.813	20191204
sal0	546.063	20191205
sal0	413.313	20191212
sal0	648.563	20191216
sal0	129.313	20191221
sal0	93.813	20191222
sal0	278.313	20191230
sal0	354.625	20191207
sal0	252.875	20191211
sal0	219	20191214
sal0	387.5	20191215
sal0	171.375	20191227
sal0	36.375	20191228
sal0	278.125	20191229
sal0	190.625	20191213
sal0	250.125	20191220
sal0	332.5	20191201
sal0	396	20191218
sal0	112.25	20191219
sal0	48.25	20191223
sal1	61.25	20191204
sal1	49.25	20191213
sal1	41.5	20191201
sal1	77	20191203
sal1	38	20191207
sal1	214.5	20191209
sal1	6	20191214
sal1	40	20191215
sal1	5.5	20191228
sal1	32.5	20191229
sal1	57.625	20191205
sal1	138	20191202
sal1	23.5	20191208
sal1	364	20191210
sal1	184.5	20191212
sal1	82.5	20191216
sal1	108	20191217
sal1	330.5	20191218
sal1	4	20191219
sal1	3	20191220
sal1	3	20191222
sal1	28	20191223
sal1	1	20191224
sal1	5	20191227
sal1	22	20191231
sal1	22.5	20191226
sal1	30	20191211
sal1	45	20191206
sal1	10	20191221
sal1	60	20191230
sal10	53	20191201
sal10	52	20191202
sal10	49	20191203
sal10	58	20191204
sal10	46	20191205
sal10	46	20191206
sal10	36	20191207
sal10	47	20191208
sal10	62	20191209
sal10	67	20191210
sal10	42	20191211
sal10	68	20191212
sal10	29	20191213
sal10	33	20191214
sal10	45	20191215
sal10	50	20191216
sal10	53	20191217
sal10	35	20191218
sal10	31	20191219
sal10	42	20191220
sal10	19	20191221
sal10	20	20191222
sal10	24	20191223
sal10	17	20191224
sal10	15	20191225
sal10	25	20191226
sal10	24	20191227
sal10	38	20191228
sal10	38	20191229
sal10	51	20191230
sal10	26	20191231
sal11	5	20191201
sal11	6	20191202
sal11	8	20191203
sal11	10	20191204
sal11	5	20191206
sal11	4	20191207
sal11	11	20191208
sal11	10	20191209
sal11	4	20191210
sal11	8	20191211
sal11	8	20191212
sal11	7	20191213
sal11	1	20191214
sal11	9	20191216
sal11	1	20191217
sal11	3	20191218
sal11	1	20191221
sal11	1	20191225
sal11	1	20191226
sal11	1	20191227
sal11	1	20191228
sal11	2	20191229
sal11	6	20191205
sal11	2	20191215
sal11	2	20191220
sal11	4	20191230
sal11	4	20191231
sal2	76.25	20191203
sal2	25.75	20191207
sal2	75.25	20191209
sal2	7.5	20191210
sal2	0.75	20191212
sal2	5.75	20191215
sal2	76.25	20191223
sal2	28.5	20191201
sal2	34.75	20191202
sal2	56.75	20191208
sal2	25.5	20191224
sal2	50.5	20191227
sal2	25.5	20191229
sal2	124	20191204
sal2	27	20191228
sal2	4	20191226
sal2	10	20191211
sal2	10	20191213
sal2	55	20191216
sal2	35	20191230
sal2	125	20191205
sal2	75	20191206
sal2	50	20191214
sal2	75	20191217
sal2	150	20191218
sal2	100	20191220
sal2	25	20191222
sal2	25	20191225
sal2	25	20191231
sal3	25.5	20191209
sal3	1	20191219
sal3	15	20191226
sal3	20	20191208
sal3	40	20191217
sal3	17.5	20191221
sal3	48.75	20191201
sal3	6.25	20191205
sal3	6.25	20191211
sal3	16.25	20191212
sal3	10	20191215
sal3	35	20191231
sal3	12.5	20191204
sal3	25	20191202
sal3	25	20191224
sal3	25	20191228
sal3	50	20191229
sal3	25	20191230
sal4	3	20191203
sal4	1	20191206
sal4	1	20191207
sal4	1	20191208
sal4	5	20191215
sal4	1	20191218
sal4	27	20191202
sal4	2	20191219
sal4	27	20191220
sal4	2	20191222
sal4	5	20191201
sal4	5	20191212
sal4	55	20191229
sal4	10	20191210
sal4	10	20191214
sal4	10	20191231
sal4	25	20191216
sal4	25	20191221
sal4	25	20191225
sal4	25	20191227
sal5	793.9	20191201
sal5	658.3	20191202
sal5	731.4	20191204
sal5	797.15	20191209
sal5	973.85	20191210
sal5	810.1	20191211
sal5	543.4	20191212
sal5	609.839	20191213
sal5	513.225	20191214
sal5	812.725	20191216
sal5	933.7	20191217
sal5	510.2	20191220
sal5	301.6	20191226
sal5	514.9	20191228
sal5	764.9	20191230
sal5	558.7	20191207
sal5	142.2	20191225
sal5	781.05	20191208
sal5	704.3	20191215
sal5	205.55	20191224
sal5	782.5	20191203
sal5	825.5	20191205
sal5	753.75	20191206
sal5	465.5	20191218
sal5	269.5	20191221
sal5	251.75	20191222
sal5	282.5	20191223
sal5	137.25	20191227
sal5	463.75	20191229
sal5	479.75	20191231
sal5	429.75	20191219
sal6	102.6	20191205
sal6	100.626	20191202
sal6	80.313	20191223
sal6	100.4	20191206
sal6	169.4	20191214
sal6	177	20191216
sal6	69.625	20191201
sal6	59.375	20191203
sal6	222	20191208
sal6	153.5	20191209
sal6	296	20191213
sal6	22.25	20191218
sal6	105	20191219
sal6	32.25	20191221
sal6	4	20191222
sal6	108.75	20191210
sal6	62.5	20191207
sal6	56.25	20191212
sal6	106.25	20191215
sal6	15	20191220
sal6	125	20191204
sal6	150	20191211
sal6	200	20191217
sal6	50	20191227
sal6	75	20191229
sal6	100	20191230
sal6	75	20191231
sal7	62.75	20191209
sal7	40.313	20191220
sal7	136	20191207
sal7	72.5	20191212
sal7	185.5	20191216
sal7	58.5	20191229
sal7	261	20191203
sal7	42	20191204
sal7	16	20191205
sal7	97	20191206
sal7	90.5	20191210
sal7	46	20191213
sal7	16	20191218
sal7	31	20191221
sal7	56	20191224
sal7	76	20191230
sal7	42	20191201
sal7	42	20191202
sal7	57	20191217
sal7	57	20191228
sal7	82	20191231
sal7	37.5	20191222
sal7	58	20191223
sal7	94	20191208
sal7	84	20191215
sal7	55	20191211
sal7	70	20191214
sal7	5	20191225
sal7	45	20191226
sal7	40	20191219
sal7	70	20191227
sal8	0.75	20191219
sal8	0.25	20191229
sal8	2.5	20191207
sal8	0.5	20191212
sal8	0.5	20191214
sal8	0.5	20191231
sal8	4	20191218
sal8	5	20191206
sal8	20	20191220
sal8	10	20191209
sal8	10	20191213
sal8	50	20191210
sal8	25	20191215
sal8	25	20191217
sal8	25	20191227
sal9	2	20191207
sal9	4	20191227
sal9	4	20191216
sal9	26	20191229
see0	2	20191202
see0	2	20191209
see0	2	20191227
see0	4	20191219
see1	8	20191204
see10	4	20191228
see10	80	20191203
see10	40	20191204
see10	10	20191208
see10	10	20191211
see10	10	20191213
see10	250	20191216
see10	10	20191224
see10	20	20191226
see10	10	20191227
see10	10	20191229
see10	10	20191230
see10	50	20191202
see11	10	20191217
see11	10	20191222
see11	40	20191227
see11	20	20191228
see11	30	20191230
see12	20	20191208
see12	2	20191213
see12	2	20191224
see12	2	20191229
see12	2	20191231
see12	4	20191228
see12	10	20191201
see13	2	20191215
see13	1	20191217
see13	1	20191229
see14	10	20191204
see14	10	20191208
see14	10	20191228
see14	20	20191229
see14	30	20191210
see15	5	20191201
see15	5	20191202
see15	10	20191215
see15	5	20191218
see15	5	20191219
see15	20	20191228
see15	6	20191212
see15	10	20191204
see15	20	20191208
see15	200	20191209
see15	10	20191229
see16	12	20191213
see16	6	20191229
see16	2	20191231
see16	4	20191211
see16	4	20191215
see16	4	20191221
see16	4	20191222
see16	4	20191228
see16	10	20191208
see16	10	20191212
see17	2	20191213
see17	2	20191224
see17	6	20191229
see17	102	20191231
see17	4	20191205
see17	4	20191221
see17	4	20191222
see17	34	20191228
see17	10	20191223
see17	100	20191227
see18	1	20191210
see18	8	20191205
see19	2	20191207
see19	3	20191210
see19	1	20191213
see19	2	20191225
see19	4	20191228
see19	4	20191230
see20	10	20191204
see21	5	20191216
see21	6	20191212
see21	6	20191213
see21	20	20191229
see21	50	20191205
see22	2	20191202
see22	2	20191209
see22	8	20191215
see23	2	20191202
see23	2	20191209
see23	8	20191215
see23	12	20191227
see23	4	20191219
see23	10	20191223
see23	50	20191226
see24	4	20191229
see25	1	20191217
see25	1	20191227
see25	3	20191209
see25	3	20191211
see25	3	20191221
see25	3	20191229
see25	20	20191203
see26	10	20191231
see27	5	20191209
see27	5	20191218
see27	5	20191229
see27	10	20191213
see27	25	20191228
see3	10	20191225
see3	90	20191230
see3	50	20191210
see3	50	20191221
see3	50	20191231
see3	100	20191226
see3	300	20191203
see5	200	20191219
see6	50	20191216
see7	25	20191222
see7	25	20191231
see7	50	20191212
see7	50	20191223
see7	50	20191227
see7	100	20191203
see8	8	20191215
see8	10	20191203
see8	75	20191213
see8	25	20191226
see9	4	20191221
see9	4	20191222
see9	4	20191229
see9	10	20191223
see9	10	20191230
sto0	2	20191202
sto0	1	20191204
sto0	1	20191205
sto0	1	20191209
sto0	1	20191212
sto0	3	20191213
sto0	1	20191216
sto0	1	20191217
sto0	1	20191220
sto0	1	20191221
sto0	1	20191222
sto0	1	20191223
sto0	1	20191230
sto1	1	20191201
sto1	2	20191203
sto1	1	20191205
sto1	1	20191207
sto1	1	20191208
sto1	1	20191211
sto1	1	20191213
sto1	1	20191214
sto1	1	20191216
sto1	1	20191217
sto1	1	20191220
sto1	1	20191224
sto1	3	20191227
sto1	1	20191228
sto1	1	20191229
sto10	3	20191201
sto10	6	20191202
sto10	2	20191203
sto10	9	20191204
sto10	9	20191205
sto10	9	20191206
sto10	13	20191207
sto10	5	20191208
sto10	5	20191209
sto10	3	20191210
sto10	6	20191211
sto10	2	20191212
sto10	3	20191213
sto10	9	20191215
sto10	6	20191216
sto10	2	20191217
sto10	5	20191218
sto10	1	20191219
sto10	8	20191220
sto10	2	20191221
sto10	6	20191222
sto10	4	20191223
sto10	3	20191225
sto10	4	20191226
sto10	12	20191227
sto10	14	20191228
sto10	7	20191229
sto10	12	20191230
sto10	10	20191231
sto11	2	20191202
sto11	2	20191203
sto11	11	20191205
sto11	1	20191209
sto11	2	20191211
sto11	1	20191214
sto11	1	20191229
sto11	6	20191230
sto11	3	20191231
sto11	2	20191228
sto11	10	20191218
sto11	50	20191219
sto12	12	20191201
sto12	1	20191202
sto12	2	20191203
sto12	5	20191204
sto12	11	20191205
sto12	3	20191206
sto12	5	20191207
sto12	3	20191208
sto12	55	20191209
sto12	51	20191210
sto12	41	20191211
sto12	2	20191213
sto12	7	20191215
sto12	7	20191216
sto12	3	20191217
sto12	5	20191218
sto12	1	20191219
sto12	2	20191220
sto12	1	20191221
sto12	1	20191225
sto12	1	20191226
sto12	1	20191227
sto12	4	20191228
sto12	3	20191229
sto12	17	20191230
sto12	1	20191231
sto12	2	20191223
sto12	20	20191212
sto13	23	20191201
sto13	28	20191202
sto13	25	20191203
sto13	20	20191204
sto13	16	20191205
sto13	27	20191206
sto13	17	20191207
sto13	28	20191208
sto13	45	20191209
sto13	42	20191210
sto13	26	20191211
sto13	44	20191212
sto13	12	20191213
sto13	13	20191214
sto13	22	20191215
sto13	40	20191216
sto13	18	20191217
sto13	19	20191218
sto13	8	20191219
sto13	20	20191220
sto13	58	20191221
sto13	4	20191222
sto13	7	20191223
sto13	4	20191224
sto13	12	20191225
sto13	15	20191226
sto13	26	20191227
sto13	66	20191228
sto13	10	20191229
sto13	33	20191230
sto13	12	20191231
sto14	34	20191201
sto14	49	20191202
sto14	38	20191203
sto14	28	20191204
sto14	39	20191205
sto14	32	20191206
sto14	24	20191207
sto14	33	20191208
sto14	39	20191209
sto14	35	20191210
sto14	43	20191211
sto14	54	20191212
sto14	21	20191213
sto14	25	20191214
sto14	45	20191215
sto14	33	20191216
sto14	35	20191217
sto14	118	20191218
sto14	13	20191219
sto14	21	20191220
sto14	18	20191221
sto14	14	20191222
sto14	12	20191223
sto14	12	20191224
sto14	5	20191225
sto14	19	20191226
sto14	13	20191227
sto14	17	20191228
sto14	32	20191229
sto14	42	20191230
sto14	25	20191231
sto15	9	20191201
sto15	7	20191202
sto15	22	20191203
sto15	6	20191204
sto15	5	20191205
sto15	5	20191206
sto15	1	20191207
sto15	4	20191208
sto15	2	20191209
sto15	4	20191210
sto15	5	20191211
sto15	1	20191212
sto15	4	20191213
sto15	3	20191214
sto15	10	20191215
sto15	2	20191216
sto15	1	20191217
sto15	3	20191218
sto15	2	20191220
sto15	2	20191222
sto15	1	20191224
sto15	2	20191227
sto15	1	20191230
sto15	6	20191231
sto15	4	20191229
sto15	10	20191228
sto16	7	20191201
sto16	6	20191202
sto16	9	20191203
sto16	9	20191204
sto16	13	20191205
sto16	12	20191206
sto16	10	20191207
sto16	8	20191208
sto16	14	20191209
sto16	12	20191210
sto16	7	20191211
sto16	6	20191212
sto16	14	20191213
sto16	9	20191214
sto16	15	20191215
sto16	13	20191216
sto16	11	20191217
sto16	12	20191218
sto16	13	20191219
sto16	16	20191220
sto16	1	20191221
sto16	4	20191222
sto16	13	20191223
sto16	3	20191224
sto16	1	20191225
sto16	9	20191226
sto16	8	20191227
sto16	115	20191228
sto16	19	20191229
sto16	16	20191230
sto16	10	20191231
sto18	10	20191212
sto19	5	20191210
sto19	10	20191206
sto19	20	20191203
sto19	20	20191215
sto19	25	20191214
sto2	1	20191201
sto2	2	20191203
sto2	2	20191205
sto2	1	20191207
sto2	1	20191208
sto2	1	20191209
sto2	2	20191210
sto2	1	20191212
sto2	1	20191214
sto2	1	20191215
sto2	2	20191219
sto2	2	20191222
sto2	2	20191223
sto2	1	20191224
sto2	1	20191225
sto2	3	20191226
sto2	1	20191229
sto2	1	20191230
sto2	1	20191231
sto21	10	20191206
sto22	1	20191212
sto24	20	20191214
sto25	20	20191216
sto25	10	20191217
sto25	10	20191219
sto3	3	20191201
sto3	1	20191202
sto3	1	20191203
sto3	2	20191205
sto3	5	20191206
sto3	2	20191207
sto3	4	20191208
sto3	1	20191209
sto3	3	20191210
sto3	2	20191211
sto3	2	20191212
sto3	3	20191215
sto3	1	20191216
sto3	1	20191218
sto3	4	20191219
sto3	3	20191221
sto3	1	20191222
sto3	1	20191223
sto3	1	20191224
sto3	1	20191227
sto3	1	20191228
sto3	1	20191229
sto3	1	20191231
sto4	10	20191201
sto4	17	20191202
sto4	12	20191203
sto4	10	20191204
sto4	8	20191205
sto4	5	20191206
sto4	11	20191207
sto4	5	20191208
sto4	9	20191209
sto4	11	20191210
sto4	5	20191211
sto4	11	20191212
sto4	9	20191213
sto4	10	20191214
sto4	7	20191215
sto4	4	20191216
sto4	15	20191217
sto4	5	20191218
sto4	6	20191219
sto4	5	20191220
sto4	3	20191221
sto4	6	20191222
sto4	4	20191223
sto4	4	20191224
sto4	4	20191225
sto4	8	20191226
sto4	3	20191227
sto4	12	20191228
sto4	7	20191229
sto4	4	20191230
sto4	4	20191231
sto45	1	20191201
sto45	1	20191209
sto45	1	20191211
sto45	2	20191217
sto45	1	20191231
sto46	1	20191209
sto5	22	20191201
sto5	22	20191202
sto5	30	20191203
sto5	29	20191204
sto5	18	20191205
sto5	19	20191206
sto5	24	20191207
sto5	18	20191208
sto5	21	20191209
sto5	23	20191210
sto5	18	20191211
sto5	16	20191212
sto5	16	20191213
sto5	22	20191214
sto5	30	20191215
sto5	27	20191216
sto5	19	20191217
sto5	26	20191218
sto5	13	20191219
sto5	9	20191220
sto5	10	20191221
sto5	12	20191222
sto5	8	20191223
sto5	15	20191224
sto5	6	20191225
sto5	11	20191226
sto5	28	20191227
sto5	14	20191228
sto5	31	20191229
sto5	24	20191230
sto5	22	20191231
sto6	14	20191201
sto6	14	20191202
sto6	24	20191203
sto6	16	20191204
sto6	10	20191205
sto6	10	20191206
sto6	13	20191207
sto6	19	20191208
sto6	14	20191209
sto6	12	20191210
sto6	9	20191211
sto6	14	20191212
sto6	14	20191213
sto6	10	20191214
sto6	13	20191215
sto6	22	20191216
sto6	18	20191217
sto6	18	20191218
sto6	16	20191219
sto6	10	20191220
sto6	4	20191221
sto6	16	20191222
sto6	6	20191223
sto6	6	20191224
sto6	7	20191225
sto6	9	20191226
sto6	11	20191227
sto6	14	20191228
sto6	18	20191229
sto6	17	20191230
sto6	15	20191231
sto7	13	20191201
sto7	10	20191202
sto7	20	20191203
sto7	13	20191204
sto7	10	20191205
sto7	6	20191206
sto7	6	20191207
sto7	14	20191208
sto7	12	20191209
sto7	15	20191210
sto7	12	20191211
sto7	12	20191212
sto7	9	20191213
sto7	7	20191214
sto7	9	20191215
sto7	11	20191216
sto7	5	20191217
sto7	4	20191218
sto7	6	20191219
sto7	3	20191220
sto7	8	20191221
sto7	3	20191222
sto7	9	20191223
sto7	5	20191224
sto7	9	20191226
sto7	10	20191227
sto7	6	20191228
sto7	8	20191229
sto7	12	20191230
sto7	8	20191231
sto8	12	20191201
sto8	11	20191202
sto8	16	20191203
sto8	13	20191204
sto8	9	20191205
sto8	6	20191206
sto8	10	20191207
sto8	12	20191208
sto8	11	20191209
sto8	11	20191210
sto8	13	20191211
sto8	8	20191212
sto8	15	20191213
sto8	10	20191214
sto8	13	20191215
sto8	9	20191216
sto8	15	20191217
sto8	6	20191218
sto8	6	20191219
sto8	3	20191220
sto8	8	20191221
sto8	1	20191222
sto8	1	20191223
sto8	6	20191224
sto8	5	20191225
sto8	8	20191226
sto8	12	20191227
sto8	11	20191228
sto8	16	20191229
sto8	14	20191230
sto8	12	20191231
sto9	6	20191201
sto9	7	20191202
sto9	3	20191203
sto9	10	20191204
sto9	5	20191205
sto9	9	20191206
sto9	1	20191207
sto9	8	20191208
sto9	4	20191209
sto9	6	20191210
sto9	9	20191211
sto9	6	20191212
sto9	6	20191213
sto9	5	20191214
sto9	9	20191216
sto9	2	20191217
sto9	4	20191218
sto9	1	20191219
sto9	4	20191220
sto9	2	20191221
sto9	2	20191222
sto9	2	20191223
sto9	4	20191224
sto9	1	20191225
sto9	3	20191226
sto9	5	20191227
sto9	1	20191228
sto9	2	20191229
sto9	10	20191230
sto9	4	20191231
sup10	105	20191206
sup10	10	20191231
sup10	1070	20191205
sup10	30	20191225
sup10	250	20191202
sup10	1050	20191203
sup10	150	20191207
sup10	50	20191208
sup10	100	20191209
sup10	450	20191210
sup10	250	20191211
sup10	250	20191212
sup10	150	20191214
sup10	100	20191215
sup10	50	20191216
sup10	50	20191218
sup10	400	20191219
sup10	50	20191220
sup10	50	20191222
sup10	100	20191228
sup10	150	20191229
sup10	150	20191230
sup10	100	20191204
sup10	500	20191224
sup10	200	20191223
sup11	110	20191205
sup11	180	20191202
sup11	80	20191213
sup11	30	20191224
sup11	50	20191203
sup11	350	20191204
sup11	50	20191212
sup11	350	20191215
sup11	50	20191220
sup11	50	20191226
sup11	50	20191228
sup11	250	20191229
sup11	100	20191206
sup11	100	20191207
sup11	100	20191214
sup11	100	20191216
sup11	100	20191218
sup11	100	20191219
sup11	100	20191230
sup11	300	20191209
sup12	225	20191230
sup12	120	20191215
sup12	80	20191204
sup12	100	20191210
sup12	100	20191211
sup12	50	20191212
sup12	50	20191213
sup12	50	20191214
sup12	50	20191222
sup12	150	20191225
sup12	100	20191228
sup12	100	20191223
sup12	100	20191229
sup12	100	20191231
sup14	537	20191202
sup14	1	20191206
sup14	15	20191207
sup14	26	20191208
sup14	23	20191209
sup14	1	20191220
sup14	1	20191224
sup14	51	20191229
sup14	794	20191204
sup14	24	20191210
sup14	26	20191205
sup14	36	20191216
sup14	10	20191201
sup14	102	20191203
sup14	45	20191211
sup14	40	20191215
sup14	10	20191218
sup14	20	20191231
sup14	20	20191222
sup14	30	20191217
sup15	1	20191221
sup15	4	20191209
sup15	53	20191202
sup15	5	20191203
sup15	55	20191208
sup15	10	20191214
sup15	30	20191215
sup15	5	20191222
sup15	5	20191230
sup15	5	20191231
sup15	10	20191204
sup15	35	20191217
sup15	10	20191219
sup15	10	20191226
sup15	10	20191229
sup16	2	20191207
sup16	24	20191217
sup16	4	20191210
sup16	40	20191208
sup16	30	20191213
sup16	10	20191219
sup17	40	20191204
sup17	100	20191202
sup18	10	20191216
sup18	275	20191205
sup18	50	20191202
sup18	150	20191203
sup18	50	20191206
sup18	50	20191209
sup18	50	20191210
sup18	50	20191214
sup18	50	20191218
sup18	50	20191221
sup18	50	20191226
sup18	150	20191229
sup18	100	20191231
sup18	500	20191212
sup19	11	20191203
sup19	1	20191205
sup19	20	20191206
sup19	1	20191214
sup19	1	20191215
sup19	1	20191217
sup2	4	20191209
sup2	10	20191203
sup2	10	20191205
sup2	10	20191214
sup2	10	20191215
sup2	10	20191217
sup20	2	20191207
sup20	8	20191204
sup20	2	20191209
sup20	2	20191213
sup20	4	20191215
sup20	2	20191227
sup20	2	20191229
sup20	5	20191230
sup20	2	20191231
sup20	3	20191202
sup20	3	20191203
sup20	3	20191208
sup20	3	20191212
sup20	3	20191216
sup20	3	20191217
sup27	1000	20191212
sup28	1	20191202
sup28	2	20191209
sup28	1	20191215
sup28	1	20191223
sup28	1	20191224
sup29	25	20191202
sup30	10	20191202
sup31	5	20191202
sup31	20	20191227
sup32	50	20191211
sup33	10	20191223
sup33	5	20191228
sup33	20	20191203
sup33	20	20191206
sup33	20	20191210
sup33	10	20191213
sup33	10	20191218
sup34	6	20191208
sup34	5	20191202
sup34	5	20191221
sup35	10	20191208
sup35	10	20191231
sup5	1	20191203
sup5	1	20191205
sup5	1	20191214
sup5	1	20191217
sup6	25	20191204
sup7	37	20191202
sup7	1	20191206
sup7	91	20191208
sup7	1	20191220
sup7	51	20191224
sup7	51	20191229
sup7	44	20191217
sup7	14	20191204
sup7	24	20191210
sup7	6	20191205
sup7	6	20191216
sup7	10	20191201
sup7	150	20191203
sup7	10	20191209
sup7	20	20191211
sup7	40	20191215
sup7	10	20191219
sup7	10	20191231
sup7	20	20191213
sup7	20	20191222
sup7	100	20191212
sup8	10	20191215
sup9	60	20191205
sup9	10	20191208
sup9	60	20191214
sup9	10	20191230
sup9	20	20191227
sup9	50	20191202
sup9	100	20191206
sup9	100	20191211
sup9	50	20191215
sup9	100	20191216
sup9	50	20191228
sup9	100	20191229
sup9	100	20191225
tra0	11	20191203
tra0	2	20191219
tra0	43	20191202
tra0	14	20191209
tra0	4	20191218
tra0	5	20191230
tra0	40	20191201
tra0	10	20191206
tra0	10	20191210
tra0	10	20191223
tra0	10	20191231
tra1	3	20191230
tra1	3	20191204
tra1	26	20191201
tra1	6	20191209
tra1	12	20191216
tra2	1	20191220
wee0	49	20191201
wee0	23	20191202
wee0	23	20191203
wee0	17	20191204
wee0	25	20191205
wee0	15	20191206
wee0	14	20191207
wee0	33	20191208
wee0	21	20191209
wee0	16	20191210
wee0	19	20191211
wee0	11	20191212
wee0	12	20191213
wee0	16	20191214
wee0	28	20191215
wee0	31	20191216
wee0	19	20191217
wee0	17	20191218
wee0	19	20191219
wee0	10	20191220
wee0	6	20191221
wee0	11	20191222
wee0	20	20191223
wee0	8	20191224
wee0	8	20191225
wee0	11	20191226
wee0	19	20191227
wee0	23	20191228
wee0	45	20191229
wee0	33	20191230
wee0	27	20191231
wee2	1	20191201
wee2	1	20191202
wee2	2	20191216
wee2	130	20191228
wee2	28	20191206
wee2	103	20191207
wee2	3	20191208
wee2	3	20191225
wee2	3	20191226
wee2	5	20191213
wee2	25	20191205
wee2	25	20191212
wee2	50	20191217
wee2	25	20191231
wee4	2	20191221
wee5	7	20191201
wee5	4	20191202
wee5	2	20191203
wee5	4	20191204
wee5	11	20191205
wee5	1	20191206
wee5	3	20191207
wee5	7	20191208
wee5	3	20191209
wee5	3	20191210
wee5	8	20191212
wee5	26	20191213
wee5	2	20191214
wee5	3	20191215
wee5	9	20191216
wee5	10	20191217
wee5	3	20191218
wee5	11	20191219
wee5	2	20191220
wee5	1	20191222
wee5	3	20191223
wee5	4	20191224
wee5	1	20191228
wee5	5	20191229
wee5	7	20191230
wee5	6	20191231
wee5	4	20191227
wee7	2	20191202
wee7	1	20191203
wee7	1	20191204
wee7	1	20191205
wee7	2	20191206
wee7	2	20191208
wee7	1	20191209
wee7	1	20191210
wee7	2	20191211
wee7	3	20191212
wee7	1	20191216
wee7	2	20191217
wee7	1	20191220
wee7	1	20191223
wee7	2	20191224
wee7	1	20191229
wee7	2	20191230
wor0	2	20191226
wor3	2	20191201
wor3	92	20191202
wor3	172	20191203
wor3	36	20191204
wor3	76	20191206
wor3	8	20191207
wor3	64	20191213
wor3	2	20191215
wor3	64	20191216
wor3	584	20191217
wor3	232	20191218
wor3	52	20191221
wor3	8	20191222
wor3	6	20191223
wor3	4	20191224
wor3	10	20191225
wor3	100	20191227
wor3	100	20191229
wor3	296	20191230
wor3	228	20191231
wor3	34	20191205
wor3	10	20191210
wor3	4	20191212
wor3	14	20191220
wor3	82	20191228
wor3	242	20191209
wor3	130	20191211
wor3	100	20191214
wor3	50	20191226
wor3	220	20191208
wor3	80	20191219
