key	qty 	date 
acc11	1	20191104
acc11	2	20191118
acc11	1	20191121
acc12	1	20191102
acc12	1	20191112
acc12	1	20191122
acc13	1	20191109
acc13	2	20191116
acc13	1	20191117
acc13	1	20191125
acc13	1	20191128
acc14	0.3	20191102
acc14	0.3	20191126
acc14	6.45	20191129
acc14	16.6	20191115
acc14	0.6	20191125
acc14	4	20191101
acc14	27	20191118
acc14	9	20191127
acc14	6	20191103
acc14	17	20191108
acc14	6	20191117
acc14	4	20191114
acc14	4	20191122
acc14	32	20191104
acc14	10	20191106
acc14	10	20191120
acc15	0.3	20191102
acc15	32	20191104
acc15	0	20191116
acc15	0.6	20191125
acc15	16.6	20191115
acc15	0	20191107
acc15	0	20191113
acc15	0.3	20191126
acc15	10	20191106
acc16	32	20191104
acc16	1	20191125
acc16	0	20191129
acc16	0	20191101
acc16	9	20191126
acc16	4	20191113
acc16	0	20191120
acc16	20	20191106
acc16	4	20191107
acc16	0	20191114
acc16	0	20191111
acc16	0	20191124
acc16	20	20191105
acc17	0	20191109
acc17	0	20191110
acc17	0	20191118
acc17	0	20191103
acc18	0	20191121
acc18	0	20191110
acc18	0.3	20191125
acc18	20	20191105
acc18	0	20191119
acc18	4	20191120
acc18	0	20191122
acc18	2	20191107
acc18	0	20191116
acc19	0	20191123
acc19	0	20191115
acc19	6	20191118
acc19	0	20191120
acc19	0	20191124
acc19	0	20191129
acc19	0.45	20191125
acc19	0	20191102
acc19	0	20191106
acc19	0	20191114
acc19	10	20191116
acc19	0	20191117
acc19	0	20191109
acc19	6	20191122
acc19	0	20191128
acc19	0	20191111
acc19	0	20191112
acc19	14	20191127
acc19	5	20191110
acc19	7	20191119
acc19	48	20191101
acc19	15	20191104
acc20	0	20191107
acc21	2	20191109
acc21	5	20191110
acc21	3	20191111
acc21	1	20191117
acc21	4.3	20191118
acc21	2.3	20191124
acc21	0	20191130
acc4	0	20191126
acc9	0.45	20191129
agg0	5	20191110
agg0	7	20191119
agg0	2	20191122
agg0	1	20191117
agg0	0	20191121
agg0	2.3	20191124
agg0	0	20191130
agg0	5.6	20191125
agg0	48	20191101
agg0	0	20191103
agg0	15	20191104
agg0	2.3	20191120
agg0	14	20191127
agg0	2	20191128
agg0	0.45	20191129
agg0	0.3	20191115
agg1	48	20191101
agg1	5	20191102
agg1	0	20191103
agg1	15	20191104
agg1	0	20191105
agg1	0	20191106
agg1	0	20191107
agg1	0	20191108
agg1	1	20191109
agg1	5	20191111
agg1	0	20191112
agg1	0	20191113
agg1	0	20191114
agg1	0	20191115
agg1	5	20191117
agg1	0	20191118
agg1	1	20191119
agg1	60	20191120
agg1	5	20191121
agg1	61	20191122
agg1	0	20191123
agg1	5	20191124
agg1	70	20191125
agg1	0	20191126
agg1	20	20191127
agg1	60	20191128
agg1	20	20191129
agg1	15	20191130
agg2	0	20191102
agg2	20	20191104
agg2	0	20191105
agg2	0	20191106
agg2	21	20191110
agg2	5	20191117
agg2	8	20191129
agg2	2	20191119
agg2	3	20191122
agg2	5	20191111
agg3	4	20191123
agg3	7	20191125
agg3	5	20191105
agg3	5	20191111
agg3	3	20191118
agg3	13	20191112
agg3	7	20191102
agg3	4	20191106
agg3	1	20191108
agg3	0	20191116
agg3	7	20191117
agg3	2	20191119
agg3	2	20191124
agg3	3	20191122
agg4	7	20191102
agg4	11	20191103
agg4	2	20191119
agg4	2	20191124
agg4	0	20191110
agg4	1	20191115
agg4	0	20191116
agg4	2	20191120
agg4	8	20191129
agg4	4	20191106
agg4	4	20191113
agg4	3	20191107
agg4	13	20191112
agg4	2	20191114
agg4	7	20191117
agg4	3	20191122
agg4	7	20191125
agg4	2	20191127
agg4	2	20191128
agg4	0	20191123
agg4	0	20191101
agg4	1	20191105
agg5	1	20191102
agg5	0	20191112
agg5	0	20191123
agg5	0	20191124
agg5	101	20191129
agg5	11	20191104
agg5	0	20191121
agg5	0	20191115
agg5	0	20191103
agg5	0	20191107
agg5	3	20191110
agg5	20	20191116
agg5	20	20191117
agg5	40	20191122
agg5	2	20191125
agg5	0	20191126
agg5	5	20191118
agg5	0	20191101
agg6	0	20191101
agg6	140	20191102
agg6	0	20191104
agg6	5	20191105
agg6	260	20191106
agg6	60	20191108
agg6	0	20191109
agg6	30	20191112
agg6	0	20191113
agg6	0	20191115
agg6	20	20191116
agg6	0	20191118
agg6	41	20191119
agg6	45	20191120
agg6	0	20191121
agg6	80	20191122
agg6	40	20191123
agg6	140	20191125
agg6	0	20191126
agg6	40	20191128
agg6	25	20191129
agg6	21	20191103
agg6	20	20191107
agg6	5	20191110
agg6	40	20191114
agg6	1	20191124
agg6	0	20191130
agg7	1	20191102
agg7	120	20191105
agg7	50	20191106
agg7	20	20191107
agg7	0	20191108
agg7	0	20191109
agg7	0	20191111
agg7	20	20191112
agg7	20	20191117
agg7	0	20191118
agg7	45	20191120
agg7	1	20191124
agg7	25	20191129
agg7	5	20191115
agg7	20	20191122
agg7	0	20191127
agg7	80	20191125
agg7	140	20191101
agg7	20	20191103
agg7	25	20191104
agg7	0	20191113
agg7	0	20191114
agg7	140	20191116
agg7	25	20191121
agg7	41	20191123
agg7	0	20191128
agg8	1	20191102
agg8	20	20191103
agg8	0	20191106
agg8	40	20191107
agg8	0	20191108
agg8	21	20191112
agg8	20	20191117
agg8	0	20191119
agg8	25	20191121
agg8	41	20191123
agg8	21	20191124
agg8	0	20191127
agg8	20	20191130
agg8	2	20191109
agg8	0	20191111
agg8	18	20191116
agg8	13	20191122
agg8	21	20191125
agg8	2	20191129
agg8	10	20191110
agg8	10	20191114
agg8	26	20191118
agg8	23	20191126
agg8	81	20191128
agg9	0	20191117
agg9	11	20191120
agg9	7	20191104
agg9	38	20191105
agg9	4	20191106
agg9	10	20191107
agg9	10	20191114
agg9	0	20191127
bam0	21	20191125
bam0	6	20191101
bam0	10	20191102
bam0	25	20191103
bam0	38	20191105
bam0	4	20191106
bam0	10	20191107
bam0	2	20191109
bam0	10	20191110
bam0	0	20191111
bam0	46	20191112
bam0	4	20191113
bam0	10	20191114
bam0	1	20191115
bam0	18	20191116
bam0	0	20191117
bam0	26	20191118
bam0	6	20191119
bam0	56	20191121
bam0	13	20191122
bam0	16	20191123
bam0	20	20191124
bam0	23	20191126
bam0	0	20191127
bam0	81	20191128
bam0	2	20191129
bam0	20	20191130
bam0	7	20191104
bam0	11	20191120
bam0	1	20191108
bam1	2	20191105
bam1	0	20191126
bam1	40	20191101
bam1	71	20191102
bam1	60	20191103
bam1	80	20191104
bam1	141	20191107
bam1	21	20191108
bam1	21	20191109
bam1	0	20191110
bam1	26	20191111
bam1	42	20191112
bam1	60	20191113
bam1	80	20191114
bam1	5	20191115
bam1	66	20191118
bam1	0	20191119
bam1	46	20191120
bam1	20	20191121
bam1	25	20191122
bam1	40	20191123
bam1	50	20191125
bam1	90	20191127
bam1	40	20191128
bam1	41	20191129
bam1	0	20191130
bam1	11	20191106
bam1	26	20191117
bam1	21	20191124
bam1	40	20191116
bam2	71	20191102
bam2	60	20191103
bam2	80	20191104
bam2	141	20191107
bam2	21	20191109
bam2	0	20191110
bam2	26	20191111
bam2	42	20191112
bam2	60	20191113
bam2	80	20191114
bam2	5	20191115
bam2	26	20191117
bam2	66	20191118
bam2	0	20191119
bam2	46	20191120
bam2	20	20191121
bam2	40	20191123
bam2	6	20191124
bam2	85	20191125
bam2	142	20191127
bam2	20	20191128
bam2	25	20191129
bam2	0	20191101
bam2	0	20191105
bam2	5	20191122
bam2	80	20191126
bam2	25	20191116
bam2	21	20191108
bam2	21	20191106
bam2	1	20191130
bam3	0	20191101
bam3	1	20191103
bam3	0	20191104
bam3	0	20191105
bam3	21	20191106
bam3	25	20191109
bam3	21	20191112
bam3	20	20191114
bam3	25	20191116
bam3	6	20191117
bam3	20	20191118
bam3	81	20191121
bam3	5	20191122
bam3	6	20191124
bam3	85	20191125
bam3	80	20191126
bam3	142	20191127
bam3	20	20191128
bam3	1	20191130
bam3	1	20191102
bam3	35	20191111
bam3	0	20191113
bam3	81	20191119
bam3	0	20191120
bam3	181	20191107
bam3	10	20191110
bam3	0	20191115
bam3	25	20191129
bam3	21	20191108
bam4	1	20191102
bam4	0	20191103
bam4	60	20191104
bam4	60	20191105
bam4	20	20191107
bam4	0	20191110
bam4	0	20191111
bam4	0	20191112
bam4	0	20191113
bam4	0	20191116
bam4	40	20191118
bam4	750	20191120
bam4	30	20191122
bam4	10	20191129
bam4	20	20191123
bam4	130	20191124
bam4	330	20191128
bam4	1050	20191130
bam4	10	20191109
bam4	10	20191119
bam4	375	20191108
bam4	50	20191114
bam4	20	20191117
bam4	420	20191101
bam4	70	20191115
bam4	90	20191126
bam5	420	20191101
bam5	90	20191102
bam5	1340	20191107
bam5	10	20191109
bam5	110	20191112
bam5	50	20191114
bam5	70	20191115
bam5	20	20191117
bam5	1010	20191121
bam5	20	20191123
bam5	130	20191124
bam5	142	20191125
bam5	1050	20191130
bam5	155	20191103
bam5	40	20191104
bam5	40	20191118
bam5	330	20191128
bam5	10	20191129
bam5	10	20191119
bam6	420	20191101
bam6	90	20191102
bam6	155	20191103
bam6	40	20191104
bam6	130	20191110
bam6	110	20191112
bam6	20	20191117
bam6	10	20191119
bam6	1010	20191121
bam6	210	20191127
bam6	10	20191129
bam6	2180	20191106
bam6	30	20191122
bam6	130	20191124
bam6	90	20191126
bam6	185	20191105
bam6	1340	20191107
bam6	50	20191114
bam6	20	20191123
bam6	10	20191109
bam6	60	20191111
bam6	70	20191115
bam6	330	20191128
bam7	40	20191104
bam7	2180	20191106
bam7	10	20191119
bam7	90	20191126
bam7	90	20191102
bam7	60	20191111
bam7	10	20191109
bam7	20	20191123
bir0	375	20191108
bir0	70	20191115
bir0	20	20191117
bir0	10	20191119
bir0	200	20191124
bir0	90	20191130
bir1	90	20191130
bir2	150	20191113
bir2	290	20191103
bir2	540	20191111
bir2	200	20191124
bir2	10	20191128
bir2	160	20191129
bir2	500	20191104
bir2	305	20191112
bir2	160	20191114
bir2	610	20191115
bir2	200	20191116
bir2	150	20191120
bir2	46	20191126
bir2	250	20191118
bir2	210	20191107
bir2	100	20191109
bir2	140	20191110
bir2	70	20191117
bir2	845	20191119
bir2	60	20191125
bir2	90	20191130
bir3	540	20191111
bir3	845	20191119
bub0	290	20191103
bub0	110	20191122
bub0	60	20191125
bub0	845	20191119
bub0	540	20191111
bub0	170	20191121
bub0	610	20191115
bub0	500	20191104
bub0	140	20191110
bub0	10	20191128
bub0	90	20191130
bub0	260	20191101
bub0	1586	20191105
bub0	360	20191106
bub0	230	20191108
bub0	100	20191109
bub0	70	20191117
bub0	250	20191118
bub0	210	20191107
bub0	150	20191120
bub0	160	20191129
bub0	305	20191112
bub0	160	20191114
bub0	200	20191124
bub0	30	20191127
bub0	40	20191102
bub0	150	20191113
bub0	200	20191116
bub0	160	20191123
bub0	46	20191126
bub1	290	20191103
bub1	110	20191122
bub1	60	20191125
bub1	845	20191119
bub1	540	20191111
bub1	170	20191121
bub1	610	20191115
bub1	40	20191102
bub1	500	20191104
bub1	140	20191110
bub1	250	20191118
bub1	10	20191128
bub1	160	20191129
bub1	90	20191130
bub1	260	20191101
bub1	1586	20191105
bub1	360	20191106
bub1	230	20191108
bub1	100	20191109
bub1	70	20191117
bub1	210	20191107
bub1	150	20191120
bub1	150	20191113
bub1	305	20191112
bub1	160	20191114
bub1	200	20191124
bub1	30	20191127
bub1	46	20191126
bub1	200	20191116
bub1	160	20191123
bub2	40	20191102
bub2	250	20191118
bub2	230	20191108
bub2	160	20191114
bub2	70	20191117
bub2	10	20191128
bub2	260	20191101
bub2	320	20191116
bub2	410	20191103
bub2	1080	20191107
bub2	30	20191109
bub2	510	20191110
bub2	260	20191111
bub2	710	20191112
bub2	1055	20191119
bub2	560	20191129
bub2	100	20191130
bub2	700	20191106
bub2	420	20191124
bub2	250	20191126
bub2	190	20191120
bub3	150	20191113
bub3	320	20191116
bub3	1055	20191119
bub3	100	20191130
bub3	410	20191103
bub3	700	20191106
bub3	1080	20191107
bub3	30	20191109
bub3	160	20191114
bub3	270	20191117
bub3	190	20191120
bub3	420	20191124
bub3	560	20191129
bub3	370	20191101
bub3	690	20191105
bub3	40	20191102
bub3	130	20191104
bub3	50	20191108
bub3	510	20191110
bub3	260	20191111
bub3	710	20191112
bub3	50	20191115
bub3	630	20191118
bub3	50	20191121
bub3	570	20191122
bub3	180	20191123
bub3	770	20191125
bub3	370	20191127
bub3	60	20191128
bub3	250	20191126
bub4	410	20191103
bub4	570	20191122
bub4	770	20191125
bub4	1055	20191119
bub4	260	20191111
bub4	50	20191121
bub4	50	20191115
bub4	40	20191102
bub4	130	20191104
bub4	510	20191110
bub4	630	20191118
bub4	60	20191128
bub4	560	20191129
bub4	100	20191130
bub4	370	20191101
bub4	690	20191105
bub4	700	20191106
bub4	50	20191108
bub4	30	20191109
bub4	270	20191117
bub4	1080	20191107
bub4	190	20191120
bub4	150	20191113
bub4	710	20191112
bub4	160	20191114
bub4	420	20191124
bub4	370	20191127
bub4	250	20191126
bub4	320	20191116
bub4	180	20191123
coi0	40	20191102
coi0	410	20191103
coi0	30	20191109
coi0	50	20191115
coi0	320	20191116
coi0	270	20191117
coi0	260	20191111
coi0	180	20191123
coi0	60	20191128
coi0	690	20191105
coi0	370	20191127
coi0	130	20191104
coi0	510	20191110
coi0	710	20191112
coi0	1055	20191119
coi0	50	20191121
coi0	1080	20191107
ele0	370	20191101
ele0	40	20191102
ele0	410	20191103
ele0	670	20191104
ele0	80	20191105
ele0	60	20191106
ele0	480	20191107
ele0	400	20191108
ele0	190	20191109
ele0	60	20191110
ele0	60	20191111
ele0	430	20191112
ele0	330	20191113
ele0	40	20191114
ele0	30	20191115
ele0	250	20191116
ele0	130	20191117
ele0	130	20191118
ele0	310	20191119
ele0	250	20191120
ele0	170	20191121
ele0	80	20191122
ele0	0	20191123
ele0	390	20191124
ele0	230	20191125
ele0	220	20191126
ele0	190	20191127
ele0	10	20191128
ele0	230	20191129
ele0	250	20191130
ele1	10	20191101
ele1	750	20191102
ele1	40	20191103
ele1	670	20191104
ele1	80	20191105
ele1	60	20191106
ele1	480	20191107
ele1	400	20191108
ele1	190	20191109
ele1	60	20191110
ele1	60	20191111
ele1	430	20191112
ele1	330	20191113
ele1	40	20191114
ele1	30	20191115
ele1	250	20191116
ele1	130	20191117
ele1	130	20191118
ele1	310	20191119
ele1	250	20191120
ele1	170	20191121
ele1	80	20191122
ele1	0	20191123
ele1	390	20191124
ele1	230	20191125
ele1	220	20191126
ele1	190	20191127
ele1	10	20191128
ele1	230	20191129
ele1	250	20191130
ele13	480	20191107
ele13	60	20191111
ele13	430	20191112
ele16	10	20191101
ele16	750	20191102
ele16	670	20191104
ele16	80	20191105
ele16	60	20191106
ele16	480	20191107
ele16	400	20191108
ele16	190	20191109
ele16	60	20191110
ele16	60	20191111
ele16	430	20191112
ele16	330	20191113
ele16	40	20191114
ele16	250	20191116
ele16	130	20191118
ele16	310	20191119
ele16	250	20191120
ele16	170	20191121
ele16	80	20191122
ele16	390	20191124
ele16	230	20191125
ele16	190	20191127
ele16	250	20191130
ele17	750	20191102
ele17	40	20191103
ele17	10	20191104
ele17	100	20191105
ele17	0	20191106
ele17	260	20191107
ele17	150	20191108
ele17	180	20191109
ele17	30	20191110
ele17	160	20191111
ele17	40	20191112
ele17	390	20191113
ele17	100	20191114
ele17	100	20191115
ele17	70	20191116
ele17	50	20191117
ele17	190	20191118
ele17	110	20191119
ele17	30	20191120
ele17	0	20191121
ele17	250	20191122
ele17	120	20191123
ele17	170	20191124
ele17	0	20191125
ele17	250	20191126
ele17	0	20191127
ele17	145	20191128
ele17	40	20191129
ele17	60	20191130
ele18	100	20191101
ele18	10	20191102
ele18	160	20191103
ele18	10	20191104
ele18	100	20191105
ele18	0	20191106
ele18	260	20191107
ele18	150	20191108
ele18	180	20191109
ele18	30	20191110
ele18	160	20191111
ele18	40	20191112
ele18	390	20191113
ele18	100	20191114
ele18	100	20191115
ele18	70	20191116
ele18	50	20191117
ele18	190	20191118
ele18	30	20191120
ele18	0	20191121
ele18	250	20191122
ele18	170	20191124
ele18	250	20191126
ele18	0	20191127
ele18	145	20191128
ele18	40	20191129
ele19	100	20191101
ele19	0	20191106
ele19	0	20191108
ele19	20	20191109
ele19	0	20191110
ele19	0	20191111
ele19	0	20191113
ele19	10	20191115
ele19	0	20191116
ele19	40	20191118
ele19	250	20191119
ele19	0	20191120
ele19	10	20191121
ele19	10	20191124
ele19	0	20191126
ele19	0	20191127
ele19	20	20191128
ele19	20	20191129
ele19	10	20191130
ele2	0	20191106
ele2	10	20191107
ele2	0	20191108
ele2	0	20191110
ele2	0	20191111
ele2	20	20191112
ele2	0	20191113
ele2	30	20191114
ele2	100	20191115
ele2	0	20191118
ele2	10	20191119
ele2	150	20191122
ele2	0	20191125
ele2	120	20191126
ele20	40	20191103
ele20	30	20191105
ele20	30	20191107
ele20	0	20191120
ele20	2570	20191121
ele20	190	20191124
ele20	0	20191125
ele20	100	20191128
ele21	30	20191101
ele21	30	20191102
ele21	40	20191103
ele21	50	20191104
ele21	30	20191105
ele21	190	20191106
ele21	30	20191107
ele21	0	20191108
ele21	50	20191109
ele21	20	20191110
ele21	50	20191111
ele21	30	20191112
ele21	0	20191113
ele21	30	20191114
ele21	100	20191115
ele21	0	20191116
ele21	10	20191117
ele21	0	20191118
ele21	10	20191119
ele21	0	20191120
ele21	2570	20191121
ele21	150	20191122
ele21	40	20191123
ele21	190	20191124
ele21	0	20191125
ele21	120	20191126
ele21	70	20191127
ele21	100	20191128
ele21	160	20191129
ele21	0	20191130
ele22	0	20191101
ele22	20	20191102
ele22	0	20191103
ele22	10	20191104
ele22	0	20191105
ele22	10	20191106
ele22	0	20191107
ele22	1	20191108
ele22	0	20191109
ele22	0	20191110
ele22	0	20191111
ele22	0	20191112
ele22	0	20191113
ele22	0	20191114
ele22	27.75	20191115
ele23	0	20191101
ele23	0	20191102
ele23	30	20191103
ele23	12.75	20191104
ele23	0	20191105
ele23	0	20191106
ele23	20	20191107
ele23	0	20191108
ele23	20	20191109
ele23	40	20191110
ele23	47.75	20191111
ele23	82.75	20191112
ele23	28.75	20191113
ele23	52.75	20191114
ele23	27.75	20191115
ele23	27.75	20191116
ele23	40	20191117
ele23	15	20191118
ele23	20	20191119
ele23	12.75	20191120
ele23	0	20191121
ele23	0	20191122
ele23	0	20191123
ele23	30	20191124
ele23	60	20191125
ele23	25.5	20191126
ele23	0	20191127
ele23	25	20191128
ele23	10	20191129
ele23	20	20191130
ele24	0	20191101
ele24	0	20191102
ele24	0	20191103
ele24	0	20191104
ele24	130	20191105
ele24	310	20191106
ele24	150	20191107
ele24	400	20191108
ele24	250	20191109
ele24	283	20191110
ele24	100	20191111
ele24	195	20191112
ele24	190	20191113
ele24	200	20191114
ele24	328	20191115
ele24	140	20191116
ele24	160	20191117
ele24	100	20191118
ele25	260	20191101
ele25	155	20191102
ele25	144	20191103
ele25	239	20191104
ele25	310	20191106
ele25	150	20191107
ele25	400	20191108
ele25	250	20191109
ele25	283	20191110
ele25	100	20191111
ele25	195	20191112
ele25	190	20191113
ele25	200	20191114
ele25	328	20191115
ele25	140	20191116
ele25	160	20191117
ele25	100	20191118
ele25	288	20191119
ele25	175	20191120
ele25	140	20191121
ele25	107	20191122
ele25	120	20191123
ele25	110	20191124
ele25	157	20191125
ele25	90	20191126
ele25	235	20191127
ele25	133	20191128
ele25	145	20191129
ele25	119	20191130
ele26	260	20191101
ele26	155	20191102
ele26	144	20191103
ele26	239	20191104
ele26	130	20191105
ele26	310	20191106
ele26	150	20191107
ele26	400	20191108
ele26	250	20191109
ele26	283	20191110
ele26	100	20191111
ele26	195	20191112
ele26	190	20191113
ele26	200	20191114
ele26	328	20191115
ele26	140	20191116
ele26	160	20191117
ele26	100	20191118
ele26	288	20191119
ele26	175	20191120
ele26	140	20191121
ele26	107	20191122
ele26	120	20191123
ele26	110	20191124
ele26	157	20191125
ele26	90	20191126
ele26	235	20191127
ele26	133	20191128
ele26	145	20191129
ele26	119	20191130
ele27	144	20191103
ele27	239	20191104
ele27	130	20191105
ele27	310	20191106
ele27	150	20191107
ele27	400	20191108
ele27	250	20191109
ele27	283	20191110
ele27	100	20191111
ele27	195	20191112
ele27	190	20191113
ele27	200	20191114
ele27	328	20191115
ele27	140	20191116
ele27	160	20191117
ele27	100	20191118
ele27	288	20191119
ele27	175	20191120
ele27	140	20191121
ele27	107	20191122
ele27	120	20191123
ele27	110	20191124
ele27	157	20191125
ele27	90	20191126
ele27	133	20191128
ele27	145	20191129
ele27	119	20191130
ele28	160	20191117
ele28	288	20191119
ele28	235	20191127
ele3	144	20191103
ele3	239	20191104
ele3	150	20191107
ele3	400	20191108
ele3	250	20191109
ele3	100	20191111
ele3	195	20191112
ele3	200	20191114
ele3	140	20191116
ele3	100	20191118
ele3	175	20191120
ele3	107	20191122
ele3	110	20191124
ele3	430	20191125
ele3	526	20191126
ele3	542	20191129
ele3	708	20191130
ele3	1182	20191127
ele9	738	20191101
ele9	558	20191102
ele9	648	20191103
ele9	954	20191104
ele9	932	20191105
ele9	1252	20191107
ele9	1026	20191108
ele9	1134	20191109
ele9	1050	20191110
ele9	1730	20191111
ele9	902	20191112
ele9	712	20191113
ele9	916	20191115
ele9	788	20191116
ele9	432	20191117
ele9	628	20191118
ele9	1276	20191119
ele9	620	20191120
ele9	730	20191121
ele9	362	20191122
ele9	446	20191123
ele9	626	20191124
ele9	430	20191125
fer0	788	20191116
fer0	620	20191120
fer0	730	20191121
fer0	542	20191129
fer0	558	20191102
fer0	432	20191117
fer0	1182	20191127
fer0	712	20191113
fer0	430	20191125
fer0	708	20191130
fer0	1026	20191108
fer0	1276	20191119
fer0	648	20191103
fer0	1134	20191109
fer0	902	20191112
fer0	916	20191115
fer0	628	20191118
fer0	446	20191123
fer0	626	20191124
fer0	526	20191126
fer0	954	20191104
fer0	932	20191105
fer0	746	20191106
fer0	1050	20191110
fer0	1730	20191111
fer0	362	20191122
fer0	438	20191128
fer0	738	20191101
fer0	1252	20191107
fer0	810	20191114
fer1	628	20191118
fer11	1252	20191107
fer11	558	20191102
fer11	648	20191103
fer11	954	20191104
fer11	932	20191105
fer11	1026	20191108
fer11	1134	20191109
fer11	1050	20191110
fer11	1730	20191111
fer11	902	20191112
fer11	432	20191117
fer11	628	20191118
fer11	730	20191121
fer11	626	20191124
fer11	526	20191126
fer11	1182	20191127
fer11	542	20191129
fer11	712	20191113
fer11	810	20191114
fer11	1276	20191119
fer11	446	20191123
fer11	430	20191125
fer11	620	20191120
fer11	746	20191106
fer11	788	20191116
fer12	1050	20191110
fer12	1730	20191111
fer12	362	20191122
fer12	708	20191130
fer12	558	20191102
fer12	954	20191104
fer12	1134	20191109
fer12	916	20191115
fer12	1276	20191119
fer12	620	20191120
fer12	738	20191101
fer12	932	20191105
fer12	746	20191106
fer12	1252	20191107
fer12	902	20191112
fer12	432	20191117
fer12	628	20191118
fer12	730	20191121
fer12	446	20191123
fer12	430	20191125
fer12	1182	20191127
fer12	542	20191129
fer13	712	20191113
fer13	1134	20191109
fer13	810	20191114
fer13	432	20191117
fer13	362	20191122
fer13	430	20191125
fer13	526	20191126
fer13	708	20191130
fer13	628	20191118
fer13	788	20191116
fer13	626	20191124
fer13	648	20191103
fer13	932	20191105
fer13	1252	20191107
fer13	1182	20191127
fer13	438	20191128
fer13	542	20191129
fer13	1050	20191110
fer13	738	20191101
fer13	558	20191102
fer14	954	20191104
fer14	932	20191105
fer14	1026	20191108
fer14	1134	20191109
fer14	626	20191124
fer14	526	20191126
fer14	1182	20191127
fer14	916	20191115
fer14	788	20191116
fer14	648	20191103
fer14	1050	20191110
fer14	628	20191118
fer14	620	20191120
fer14	558	20191102
fer14	1252	20191107
fer14	1730	20191111
fer14	712	20191113
fer14	432	20191117
fer14	730	20191121
fer14	362	20191122
fer14	738	20191101
fer14	746	20191106
fer14	902	20191112
fer14	810	20191114
fer14	1276	20191119
fer14	446	20191123
fer14	430	20191125
fer14	438	20191128
fer14	708	20191130
fer14	542	20191129
fer15	1026	20191108
fer15	430	20191125
fer15	954	20191104
fer15	932	20191105
fer15	438	20191128
fer15	902	20191112
fer15	432	20191117
fer15	1276	20191119
fer15	446	20191123
fer15	542	20191129
fer15	1252	20191107
fer16	1050	20191110
fer16	902	20191112
fer16	712	20191113
fer16	916	20191115
fer16	788	20191116
fer16	1276	20191119
fer16	626	20191124
fer16	430	20191125
fer16	526	20191126
fer16	1182	20191127
fer16	438	20191128
fer16	542	20191129
fer16	738	20191101
fer16	1026	20191108
fer16	810	20191114
fer16	16	20191117
fer16	27	20191102
fer16	0	20191104
fer16	20	20191106
fer16	10	20191109
fer16	40	20191111
fer16	10	20191107
fer16	20	20191103
fer16	30	20191120
fer16	0	20191123
fer16	0	20191105
fer16	2	20191118
fer16	0	20191121
fer16	15	20191130
fer17	23	20191101
fer17	20	20191103
fer17	0	20191104
fer17	0	20191105
fer17	10	20191107
fer17	40	20191111
fer17	0	20191113
fer17	2	20191118
fer17	30	20191120
fer17	0	20191121
fer17	0	20191122
fer17	0	20191127
fer17	6	20191128
fer17	27	20191102
fer17	20	20191106
fer17	6	20191108
fer17	138	20191109
fer17	180	20191110
fer17	185	20191112
fer17	155	20191114
fer17	65	20191115
fer17	83	20191116
fer18	180	20191110
fer18	65	20191115
fer18	185	20191112
fer18	85	20191128
fer18	90	20191102
fer18	280	20191104
fer21	81	20191101
fer21	90	20191102
fer21	280	20191104
fer21	132	20191105
fer21	95	20191106
fer21	86	20191107
fer21	230	20191108
fer21	138	20191109
fer21	180	20191110
fer21	200	20191111
fer21	185	20191112
fer21	111	20191113
fer21	155	20191114
fer21	83	20191116
fer21	88	20191117
fer21	178	20191119
fer21	115	20191121
fer21	145	20191122
fer21	25	20191123
fer21	95	20191124
fer21	70	20191125
fer21	20	20191126
fer21	160	20191127
fer21	85	20191128
fer21	125	20191129
fer21	194	20191130
fer21	100	20191118
fer21	165	20191103
fer21	65	20191115
fer21	45	20191120
fer22	45	20191120
fer23	165	20191103
fer23	280	20191104
fer23	132	20191105
fer23	230	20191108
fer23	138	20191109
fer23	200	20191111
fer23	155	20191114
fer23	88	20191117
fer23	178	20191119
fer23	45	20191120
fer23	115	20191121
fer23	145	20191122
fer23	70	20191125
fer23	20	20191126
fer23	125	20191129
fer23	194	20191130
fer23	95	20191106
fer23	185	20191112
fer23	111	20191113
fer23	65	20191115
fer23	83	20191116
fer23	100	20191118
fer23	25	20191123
fer23	90	20191102
fer23	95	20191124
fer23	180	20191110
fer23	160	20191127
fer23	85	20191128
fer24	111	20191113
fer24	100	20191118
fer24	81	20191101
fer24	165	20191103
fer24	180	20191110
fer24	185	20191112
fer24	83	20191116
fer24	178	20191119
fer24	145	20191122
fer24	20	20191126
fer24	194	20191130
fer24	90	20191102
fer24	70	20191125
fer24	230	20191108
fer24	155	20191114
fer24	115	20191121
fer24	200	20191111
fer24	125	20191129
fer24	132	20191105
fer24	95	20191106
fer24	138	20191109
fer24	88	20191117
fer24	25	20191123
fer24	95	20191124
fer24	160	20191127
fer24	280	20191104
fer24	45	20191120
fer24	86	20191107
fer24	65	20191115
fer24	85	20191128
fer25	178	20191119
fer25	194	20191130
fer25	95	20191124
fer25	25	20191123
fer25	200	20191111
fer25	95	20191106
fer27	280	20191104
fer27	1730	20191111
fer27	708	20191130
fer27	626	20191124
fer27	916	20191115
fer27	788	20191116
fer27	542	20191129
fer28	648	20191103
fer28	1050	20191110
fer28	810	20191114
fer28	432	20191117
fer28	628	20191118
fer28	730	20191121
fer28	446	20191123
fer28	626	20191124
fer28	1182	20191127
fer28	438	20191128
fer28	954	20191104
fer28	1252	20191107
fer28	788	20191116
fer28	620	20191120
fer28	362	20191122
fer29	916	20191115
fer29	788	20191116
fer29	1730	20191111
fer29	746	20191106
fer29	626	20191124
fer29	362	20191122
fer29	954	20191104
fer29	1252	20191107
fer29	1134	20191109
fer29	430	20191125
fer29	620	20191120
fer29	526	20191126
fer29	708	20191130
fer29	1276	20191119
fer29	648	20191103
fer29	432	20191117
fer3	712	20191113
fer3	526	20191126
fer3	1730	20191111
fer3	430	20191125
fer3	1026	20191108
fer3	788	20191116
fer3	1134	20191109
fer3	810	20191114
fer3	1182	20191127
fer3	738	20191101
fer3	558	20191102
fer3	648	20191103
fer3	954	20191104
fer3	932	20191105
fer3	1252	20191107
fer3	1050	20191110
fer3	902	20191112
fer3	916	20191115
fer3	432	20191117
fer3	1276	20191119
fer3	620	20191120
fer3	730	20191121
fer3	362	20191122
fer3	446	20191123
fer3	626	20191124
fer3	438	20191128
fer3	542	20191129
fer3	708	20191130
fer30	526	20191126
fer32	438	20191128
fer34	446	20191123
fer34	438	20191128
fer34	954	20191104
fer34	810	20191114
fer34	708	20191130
fer34	558	20191102
fer34	648	20191103
fer34	730	20191121
fer34	430	20191125
fer34	788	20191116
fer34	1276	20191119
fer34	1182	20191127
fer34	738	20191101
fer34	932	20191105
fer34	1252	20191107
fer34	1026	20191108
fer34	1134	20191109
fer34	1730	20191111
fer34	712	20191113
fer34	916	20191115
fer34	432	20191117
fer34	628	20191118
fer34	626	20191124
fer34	526	20191126
fer34	542	20191129
fer37	1134	20191109
fer37	432	20191117
fer37	788	20191116
fer37	628	20191118
fer37	620	20191120
fer37	430	20191125
fer38	1252	20191107
fer38	1134	20191109
fer38	526	20191126
fer38	362	20191122
fer39	738	20191101
fer39	954	20191104
fer39	788	20191116
fer39	432	20191117
fer39	628	20191118
fer39	526	20191126
fer39	438	20191128
fer39	708	20191130
fer39	542	20191129
fer39	558	20191102
fer39	648	20191103
fer39	932	20191105
fer39	746	20191106
fer39	1730	20191111
fer39	902	20191112
fer39	730	20191121
fer39	626	20191124
fer39	1182	20191127
fer39	1276	20191119
fer39	362	20191122
fer39	446	20191123
fer4	1134	20191109
fer4	446	20191123
fer4	430	20191125
fer4	526	20191126
fer4	902	20191112
fer4	620	20191120
fer4	954	20191104
fer4	1252	20191107
fer4	558	20191102
fer4	648	20191103
fer4	810	20191114
fer4	730	20191121
fer4	438	20191128
fer4	542	20191129
fer40	954	20191104
fer40	1134	20191109
fer40	1050	20191110
fer40	620	20191120
fer40	526	20191126
fer40	438	20191128
fer40	1730	20191111
fer40	810	20191114
fer40	628	20191118
fer40	542	20191129
fer40	1182	20191127
fer40	708	20191130
fer40	738	20191101
fer40	648	20191103
fer40	712	20191113
fer40	430	20191125
fer40	558	20191102
fer40	932	20191105
fer40	1252	20191107
fer40	1026	20191108
fer40	902	20191112
fer40	916	20191115
fer40	432	20191117
fer40	1276	20191119
fer40	730	20191121
fer40	446	20191123
fer40	626	20191124
fer40	746	20191106
fer40	788	20191116
fer40	362	20191122
fer42	648	20191103
fer42	746	20191106
fer42	810	20191114
fer42	1134	20191109
fer42	1730	20191111
fer42	628	20191118
fer42	954	20191104
fer42	1026	20191108
fer42	902	20191112
fer42	712	20191113
fer42	432	20191117
fer42	730	20191121
fer42	362	20191122
fer42	430	20191125
fer42	1252	20191107
fer42	5	20191110
fer42	6	20191119
fer42	0	20191120
fer42	5	20191123
fer42	0	20191124
fer42	8	20191115
fer42	0	20191126
fer42	0	20191129
fer43	3	20191105
fer44	0	20191108
fer44	6	20191121
fer44	0	20191113
fer44	0	20191129
fer44	2	20191128
fer44	4	20191102
fer44	2	20191109
fer44	0	20191130
fer45	0	20191118
fer47	4	20191102
fer47	2	20191109
fer47	36	20191101
fer47	27	20191103
fer47	36	20191104
fer47	25	20191106
fer47	26	20191113
fer47	34	20191118
fer47	20	20191125
fer47	22	20191129
fer47	25	20191105
fer47	31	20191110
fer47	21	20191115
fer47	24	20191116
fer47	24	20191117
fer47	46	20191119
fer47	29	20191120
fer47	20	20191121
fer47	14	20191123
fer47	29	20191130
fer47	15	20191128
fer47	22	20191124
fer47	20	20191112
fer48	30	20191102
fer48	22	20191129
fer48	34	20191118
fer49	21	20191115
fer49	25	20191122
fer49	36	20191104
fer49	31	20191110
fer49	17	20191111
fer49	12	20191114
fer49	29	20191120
fer49	20	20191121
fer49	22	20191124
fer49	15	20191128
fer49	27	20191103
fer49	46	20191119
fer49	20	20191125
fer49	22	20191129
fer49	25	20191106
fer49	9	20191107
fer49	29	20191109
fer49	19	20191118
fer5	18	20191110
fer5	21	20191105
fer5	12	20191116
fer5	17	20191101
fer5	14	20191108
fer5	20	20191113
fer5	7	20191114
fer5	13	20191120
fer5	21	20191121
fer5	29	20191109
fer5	11	20191124
fer5	11	20191125
fer50	8	20191102
fer50	21	20191105
fer50	18	20191106
fer50	14	20191108
fer50	10	20191115
fer50	10	20191117
fer50	11	20191125
fer50	14	20191126
fer50	5	20191127
fer50	14	20191129
fer50	18	20191110
fer50	20	20191113
fer50	19	20191118
fer50	14	20191130
fer50	9	20191107
fer50	36	20191111
fer50	13	20191120
fer50	10	20191123
fer50	7	20191114
fer50	28	20191119
fer50	0	20191128
fer50	0	20191103
fer50	0	20191124
fer51	1	20191109
fer51	1	20191114
fer51	1	20191102
fer51	1	20191112
fer53	0	20191103
fer53	1	20191114
fer53	2	20191116
fer53	0	20191117
fer53	2	20191118
fer53	1	20191124
fer53	1	20191125
fer53	4	20191127
fer53	2	20191130
fer54	1	20191112
fer54	0	20191126
fer54	4	20191111
fer55	4	20191110
fer55	3	20191101
fer55	0	20191123
fer55	4	20191127
fer55	2	20191119
fer55	1	20191105
fer55	5	20191107
fer55	3	20191114
fer55	1	20191130
fer56	9	20191118
fer56	5	20191122
fer56	3	20191127
fer56	5	20191105
fer56	10	20191119
fer57	3	20191104
fer57	5	20191105
fer57	3	20191113
fer57	3	20191114
fer57	2	20191117
fer57	9	20191118
fer57	10	20191119
fer57	3	20191126
fer57	1	20191128
fer57	3	20191129
fer6	3	20191112
fer6	3	20191113
fer7	3	20191109
fer7	5	20191105
fer7	3	20191113
fer8	1	20191121
fer8	0	20191101
fer8	9	20191118
fer8	5	20191105
fer8	3	20191124
fer8	3	20191127
fer9	2	20191103
fer9	1	20191104
fer9	1	20191111
fer9	1	20191121
fer9	1	20191129
fer9	2	20191101
fer9	6	20191118
fer9	0	20191119
fer9	4	20191126
fer9	0	20191125
fer9	2	20191108
fer9	4	20191110
fer9	1	20191122
fer9	2	20191127
fer9	1	20191102
fer9	3	20191105
fer9	2	20191106
fer9	5	20191107
fer9	3	20191109
fer9	6	20191113
fer9	3	20191115
fer9	1	20191116
fer9	6	20191117
fer9	0	20191130
fix0	4	20191110
fix0	1	20191121
fix0	3	20191105
fix0	0	20191123
fix0	1	20191128
fix0	1	20191116
fix0	6	20191120
fix1	4	20191110
fix1	0	20191105
fix1	0	20191107
fix1	2	20191115
fix1	3	20191116
fix1	0	20191122
fix1	0	20191125
fix2	0	20191104
fix3	2	20191106
fix3	1	20191130
fix4	2	20191111
fix4	2	20191101
fix4	0	20191103
fix4	0	20191105
fix4	0	20191107
fix4	4	20191109
fix4	0	20191112
fix4	2	20191115
fix4	0	20191117
fix4	3	20191118
fix4	0	20191121
fix4	0	20191124
fix4	0	20191127
fix4	2	20191113
fix4	0	20191123
fix4	0	20191104
fix4	1	20191106
fix4	1	20191108
fix4	1	20191110
fix4	1	20191114
fix4	0	20191116
fix4	4	20191119
fix4	0	20191120
fix4	2	20191122
fix4	2	20191125
fix4	0	20191126
fix4	0	20191130
fix4	0	20191102
fix4	0	20191129
fix4	1	20191128
fix5	0	20191126
gro0	1	20191103
gro0	7	20191121
gro0	4	20191104
gro0	9	20191105
gro0	10	20191106
gro0	5	20191107
gro0	2	20191101
gro0	2	20191102
gro0	2	20191108
gro0	6	20191109
gro0	2	20191110
gro0	3	20191111
gro0	4	20191112
gro0	7	20191113
gro0	2	20191114
gro0	4	20191115
gro0	6	20191116
gro0	3	20191117
gro0	6	20191118
gro0	8	20191119
gro0	4	20191120
gro0	1	20191122
gro0	4	20191123
gro0	1	20191124
gro0	1	20191125
gro0	3	20191127
gro0	4	20191130
gro0	6	20191126
gro0	1	20191128
gro0	4	20191129
gro1	4	20191104
gro1	0	20191124
gro1	14	20191101
gro1	11	20191103
gro1	9	20191105
gro1	14	20191108
gro1	20	20191109
gro1	0	20191116
gro1	0	20191118
gro1	0	20191119
gro1	0	20191120
gro1	0	20191122
gro1	0	20191130
gro1	1	20191115
gro1	4	20191114
gro1	12	20191102
gro1	1	20191106
gro1	3	20191107
gro1	5	20191110
gro1	6	20191111
gro1	5	20191112
gro1	1	20191113
gro1	2	20191117
gro1	1	20191125
gro1	2	20191126
gro1	4	20191129
gro10	4	20191101
gro10	1	20191102
gro10	2	20191103
gro10	2	20191105
gro10	1	20191106
gro10	5	20191110
gro10	1	20191114
gro10	2	20191118
gro10	7	20191120
gro10	4	20191121
gro10	4	20191122
gro10	1	20191123
gro10	3	20191124
gro10	1	20191125
gro10	2	20191127
gro10	1	20191128
gro10	4	20191129
gro11	4	20191101
gro11	1	20191102
gro11	2	20191104
gro11	5	20191105
gro11	9	20191106
gro11	8	20191107
gro11	15	20191108
gro11	16	20191109
gro11	10	20191111
gro11	12	20191112
gro11	16	20191113
gro11	9	20191114
gro11	6	20191115
gro11	9	20191116
gro11	5	20191117
gro11	1	20191118
gro11	0	20191120
gro11	0	20191121
gro11	0	20191125
gro11	0	20191126
gro11	0	20191128
gro11	9	20191130
gro12	7	20191101
gro12	9	20191103
gro12	8	20191104
gro12	0	20191105
gro12	6	20191106
gro12	6	20191107
gro12	6	20191109
gro12	21	20191110
gro12	4	20191111
gro12	8	20191112
gro12	10	20191113
gro12	6	20191114
gro12	6	20191115
gro12	7	20191116
gro12	7	20191117
gro12	15	20191118
gro12	18	20191119
gro12	14	20191120
gro12	7	20191121
gro12	1	20191122
gro12	2	20191123
gro12	5	20191124
gro12	3	20191125
gro12	4	20191126
gro12	3	20191127
gro12	7	20191128
gro12	6	20191129
gro13	9	20191103
gro13	15	20191106
gro13	8	20191105
gro13	3	20191102
gro13	3	20191107
gro13	6	20191119
gro13	12	20191117
gro13	18	20191108
gro13	9	20191104
gro13	6	20191115
gro13	7	20191118
gro14	7	20191101
gro14	7	20191103
gro14	9	20191104
gro14	9	20191112
gro14	7	20191113
gro14	6	20191115
gro14	10	20191116
gro14	12	20191117
gro14	7	20191118
gro14	6	20191119
gro14	3	20191120
gro14	3	20191121
gro14	5	20191122
gro14	4	20191123
gro14	6	20191124
gro14	10	20191125
gro14	7	20191127
gro15	7	20191101
gro15	3	20191102
gro15	7	20191103
gro15	6	20191104
gro15	6	20191105
gro15	3	20191106
gro15	6	20191107
gro15	1	20191108
gro15	2	20191109
gro15	6	20191110
gro15	3	20191111
gro15	4	20191112
gro15	3	20191113
gro15	4	20191114
gro15	3	20191115
gro15	3	20191116
gro15	4	20191117
gro15	5	20191118
gro15	6	20191119
gro15	5	20191120
gro15	5	20191121
gro15	3	20191122
gro15	1	20191123
gro15	1	20191124
gro15	4	20191125
gro15	5	20191126
gro15	0	20191127
gro15	5	20191129
gro15	5	20191130
gro16	0	20191101
gro16	0	20191104
gro16	0	20191105
gro16	0	20191106
gro16	2	20191107
gro16	1	20191109
gro16	0	20191110
gro16	3	20191111
gro16	2	20191112
gro16	0	20191113
gro16	1	20191114
gro16	0	20191117
gro16	2	20191120
gro16	0	20191121
gro16	0	20191123
gro16	2	20191124
gro16	2	20191125
gro16	2	20191126
gro16	2	20191127
gro16	0	20191128
gro16	1	20191129
gro16	1	20191130
gro17	1	20191109
gro17	2	20191116
gro17	3	20191120
gro17	5	20191104
gro17	5	20191108
gro17	0	20191130
gro17	9	20191111
gro17	4	20191105
gro17	5	20191119
gro17	0	20191128
gro18	1	20191101
gro18	1	20191103
gro18	5	20191104
gro18	4	20191105
gro18	0	20191106
gro18	5	20191107
gro18	5	20191108
gro18	1	20191109
gro18	3	20191110
gro18	9	20191111
gro18	3	20191112
gro18	5	20191113
gro18	0	20191114
gro18	180	20191115
gro18	45.5	20191116
gro18	101	20191117
gro18	105	20191118
gro18	39	20191119
gro18	86	20191120
gro18	21.5	20191121
gro18	180	20191122
gro18	25	20191123
gro18	65	20191124
gro18	118	20191125
gro18	90	20191126
gro18	71	20191127
gro18	79	20191129
gro18	87.5	20191130
gro19	140	20191103
gro19	170	20191104
gro19	145	20191105
gro19	63	20191108
gro19	195	20191109
gro19	212.5	20191113
gro19	45.5	20191116
gro19	105	20191118
gro19	39	20191119
gro19	21.5	20191121
gro19	180	20191122
gro19	71	20191127
gro2	50	20191101
gro2	195	20191109
gro2	212.5	20191113
gro2	180	20191115
gro2	101	20191117
gro2	21.5	20191121
gro2	65	20191124
gro2	26	20191102
gro2	140	20191103
gro2	170	20191104
gro2	145	20191105
gro2	70	20191110
gro2	70	20191111
gro2	125	20191112
gro2	45.5	20191116
gro2	39	20191119
gro2	180	20191122
gro2	105	20191118
gro2	86	20191120
gro2	180	20191106
gro2	175	20191107
gro2	63	20191108
gro20	26	20191102
gro20	70	20191110
gro20	105	20191118
gro21	45.5	20191116
gro21	65	20191124
gro21	90	20191126
gro21	140	20191103
gro21	39	20191119
gro21	86	20191120
gro21	50	20191101
gro22	145	20191105
gro22	180	20191106
gro22	175	20191107
gro22	125	20191112
gro22	86	20191120
gro22	21.5	20191121
gro22	180	20191122
gro22	90	20191126
gro23	50	20191101
gro23	180	20191106
gro23	70	20191111
gro23	180	20191115
gro23	101	20191117
gro23	180	20191122
gro23	65	20191124
gro24	180	20191115
gro25	70	20191111
gro25	50	20191101
gro25	180	20191115
gro25	45.5	20191116
gro25	0	20191113
gro25	101	20191112
gro25	0.5	20191118
gro25	3	20191120
gro26	0	20191101
gro26	2	20191102
gro26	2.5	20191103
gro26	1.5	20191104
gro26	3	20191105
gro26	25	20191106
gro26	1.1	20191107
gro26	17.5	20191108
gro26	1	20191109
gro26	26	20191110
gro26	1	20191111
gro26	101	20191112
gro26	2	20191113
gro26	1	20191114
gro26	0.5	20191117
gro26	0.5	20191118
gro26	26	20191119
gro26	3	20191120
gro26	3	20191121
gro26	0	20191122
gro26	2.5	20191124
gro26	18	20191127
gro26	0	20191130
gro27	2	20191102
gro27	2	20191113
gro27	0.5	20191117
gro27	3	20191121
gro29	101	20191112
gro29	0	20191122
gro29	2	20191113
gro29	0	20191101
gro29	1.5	20191104
gro29	2.5	20191103
gro29	0.5	20191117
gro3	101	20191112
gro3	1.1	20191107
gro3	1	20191123
gro30	20	20191101
gro30	10	20191102
gro30	0	20191103
gro30	60	20191104
gro30	60	20191105
gro30	20	20191106
gro30	20	20191107
gro30	0	20191108
gro30	30	20191109
gro30	1	20191110
gro30	31	20191111
gro30	20	20191112
gro30	0	20191113
gro30	0	20191114
gro30	20	20191115
gro30	0	20191116
gro30	20	20191117
gro30	80	20191118
gro30	10	20191119
gro30	10	20191120
gro30	40	20191121
gro30	13	20191122
gro30	20	20191123
gro30	0	20191124
gro30	20	20191125
gro30	0	20191126
gro30	20	20191127
gro30	0	20191128
gro30	10	20191129
gro30	1	20191130
gro4	25	20191101
gro4	1	20191122
gro4	1	20191117
gro4	0	20191119
gro4	10	20191103
gro4	0	20191121
gro5	45	20191107
gro5	1	20191109
gro5	20	20191110
gro5	6	20191113
gro5	1	20191117
gro5	12.5	20191118
gro5	10	20191105
gro5	0	20191121
gro5	25	20191101
gro5	25	20191102
gro5	10	20191103
gro5	0	20191104
gro5	0	20191108
gro5	0	20191111
gro5	0	20191112
gro5	26	20191114
gro5	0	20191115
gro5	82	20191116
gro5	160	20191119
gro5	246	20191120
gro5	33	20191122
gro5	65	20191123
gro5	176	20191124
gro5	42	20191126
gro5	30	20191130
gro5	95	20191125
gro5	30	20191106
gro5	51	20191127
gro6	110	20191105
gro7	30	20191106
gro7	70	20191101
gro8	70	20191118
gro8	110	20191112
gro8	82	20191116
gro9	223	20191104
han0	59	20191113
han0	42	20191126
han0	91	20191108
han0	176	20191124
han10	223	20191104
han10	52	20191115
han10	60	20191128
han10	143	20191111
han10	30	20191106
han10	30	20191114
han10	33	20191122
han10	70	20191101
han12	30	20191130
han12	70	20191118
han12	160	20191119
han12	110	20191112
han12	95	20191125
han12	39	20191121
han2	176	20191124
han3	70	20191101
han4	65	20191123
han4	76	20191109
han4	59	20191113
han4	42	20191126
han4	70	20191101
han4	91	20191108
han5	52	20191115
han6	60	20191129
han8	23	20191103
han9	110	20191105
han9	39	20191121
han9	30	20191106
han9	42	20191126
irr0	110	20191105
irr0	434	20191107
irr0	76	20191109
irr0	82	20191116
irr0	70	20191118
irr0	65	20191123
irr0	223	20191104
irr0	91	20191108
irr0	23	20191110
irr0	59	20191113
irr0	160	20191119
irr0	95	20191125
irr0	30	20191130
irr0	127	20191102
irr0	23	20191103
irr0	52	20191115
irr0	60	20191129
irr0	70	20191101
irr0	30	20191106
irr0	246	20191120
irr0	42	20191126
irr1	30	20191106
irr1	76	20191109
irr1	110	20191105
irr1	59	20191113
irr1	114	20191117
irr1	70	20191101
irr1	223	20191104
irr1	143	20191111
irr1	30	20191114
irr1	33	20191122
irr1	127	20191102
irr1	434	20191107
irr1	23	20191110
irr1	110	20191112
irr1	82	20191116
irr1	30	20191130
irr1	51	20191127
irr1	42	20191126
irr1	60	20191128
irr1	60	20191129
irr2	91	20191108
irr2	30	20191114
irr2	65	20191123
irr2	60	20191129
irr2	33	20191122
irr3	434	20191107
irr3	176	20191124
irr3	60	20191129
jif1	434	20191107
jif10	0	20191109
jif10	0	20191106
jif11	0	20191118
jif12	4	20191105
jif12	3	20191123
jif12	0	20191121
jif13	0	20191106
jif13	0	20191113
jif13	25	20191107
jif14	0	20191101
jif14	0	20191106
jif14	0	20191110
jif14	26.5	20191115
jif14	26	20191117
jif14	2.5	20191124
jif14	0.5	20191126
jif14	35	20191120
jif14	73.5	20191116
jif15	2.5	20191124
jif15	50	20191105
jif17	327	20191104
jif17	2	20191106
jif17	5	20191107
jif17	75	20191130
jif17	27	20191109
jif17	26	20191114
jif17	35	20191120
jif18	5	20191107
jif18	27	20191109
jif18	66.5	20191112
jif18	45.5	20191113
jif18	0.5	20191126
jif18	17.5	20191129
jif18	25	20191121
jif18	12	20191127
jif19	45.5	20191113
jif19	26.5	20191115
jif19	25	20191118
jif19	60	20191119
jif19	35	20191120
jif19	25	20191121
jif19	160	20191123
jif19	2.5	20191125
jif19	12	20191127
jif19	75.5	20191128
jif19	17.5	20191129
jif19	78	20191111
jif19	144	20191102
jif19	50	20191105
jif19	5	20191107
jif19	27	20191109
jif19	0.5	20191126
jif2	73.5	20191116
jif20	78	20191111
jif20	75.5	20191128
jif20	75	20191130
jif20	327	20191104
jif20	50	20191105
jif20	66.5	20191112
jif20	73.5	20191116
jif20	60	20191119
jif21	327	20191104
jif21	160	20191123
jif21	65	20191103
jif21	78	20191111
jif21	2.5	20191125
jif22	2.5	20191124
jif23	25	20191121
jif23	75.5	20191128
jif24	0	20191122
jif25	73.5	20191116
jif26	75	20191130
jif26	60	20191119
jif27	66.5	20191112
jif27	75	20191130
jif3	75.5	20191128
jif3	43	20191101
jif4	25	20191121
jif5	26	20191117
jif5	2	20191106
jif6	27	20191109
jif6	2	20191108
jif7	327	20191104
jif7	40	20191112
jif7	20	20191102
jif8	20	20191121
jif8	0	20191124
lab0	40	20191101
lab0	0	20191117
lab0	0	20191119
lab11	30	20191113
lab11	20	20191114
lab11	0	20191117
lab11	30	20191122
lab11	40	20191112
lab12	30	20191113
lab12	20	20191114
lab12	0	20191117
lab12	40	20191107
lab12	30	20191122
lab12	50	20191118
lab13	30	20191113
lab13	20	20191114
lab13	0	20191117
lab13	50	20191118
lab13	30	20191122
lab13	40	20191112
lab14	40	20191107
lab14	30	20191113
lab15	40	20191107
lab15	50	20191111
lab15	30	20191113
lab15	20	20191114
lab15	0	20191117
lab15	20	20191121
lab15	0	20191122
lab15	0	20191119
lab15	4	20191104
lab16	0	20191101
lab16	3	20191102
lab16	0	20191103
lab16	22.4	20191104
lab16	25.85	20191105
lab16	11.5	20191106
lab16	11.75	20191107
lab16	3.65	20191108
lab16	11.35	20191109
lab16	16.6	20191110
lab16	22.55	20191113
lab16	14.65	20191114
lab16	10.8	20191116
lab16	19.65	20191117
lab16	21.85	20191118
lab16	17.6	20191119
lab16	9.65	20191120
lab16	2.85	20191121
lab16	14.5	20191122
lab16	7.6	20191123
lab16	33.55	20191125
lab16	15.9	20191126
lab16	7.4	20191127
lab16	8.6	20191128
lab16	10.9	20191111
lab16	11.2	20191115
lab16	8.65	20191124
lab16	5.45	20191129
lab17	3.65	20191108
lab17	22.55	20191113
lab17	14.65	20191114
lab17	19.65	20191117
lab17	5.65	20191101
lab17	14.5	20191122
lab18	22.4	20191104
lab18	22.55	20191113
lab18	11.2	20191115
lab18	17.6	20191119
lab18	9.65	20191120
lab18	7.6	20191123
lab18	11.75	20191107
lab18	14.65	20191114
lab18	21.85	20191118
lab18	5.45	20191129
lab19	22.4	20191104
lab19	22.55	20191113
lab19	11.2	20191115
lab19	17.6	20191119
lab19	7.6	20191123
lab19	6.75	20191130
lab19	5.65	20191101
lab19	11.75	20191107
lab20	22.4	20191104
lab20	11.2	20191115
lab20	17.6	20191119
lab20	7.4	20191127
lab20	25.85	20191105
lab20	22.55	20191113
lab22	22.4	20191104
lab22	16.6	20191110
lab22	10.9	20191111
lab22	22.55	20191113
lab22	17.6	20191119
lab22	9.65	20191120
lab22	14.5	20191122
lab22	7.6	20191123
lab22	11.35	20191109
lab22	11.2	20191115
lab22	15.9	20191126
lab22	11.75	20191107
lab22	33.55	20191125
lab22	8.6	20191128
lab23	5.65	20191101
lab23	25.85	20191105
lab23	8.05	20191112
lab23	22.55	20191113
lab23	14.65	20191114
lab23	10.8	20191116
lab23	17.6	20191119
lab23	9.65	20191120
lab23	5.45	20191129
lab23	7.9	20191102
lab23	21.85	20191118
lab23	14.5	20191122
lab23	11.35	20191109
lab23	7.4	20191127
lab23	11.5	20191106
lab23	11.75	20191107
lab23	16.6	20191110
lab23	10.9	20191111
lab23	2.85	20191121
lab23	8.65	20191124
lab23	33.55	20191125
lab23	15.9	20191126
lab23	8.6	20191128
lab24	22.4	20191104
lab24	10.9	20191111
lab24	22.55	20191113
lab24	14.65	20191114
lab24	11.2	20191115
lab24	17.6	20191119
lab24	14.5	20191122
lab24	21.85	20191118
lab24	11.75	20191107
lab24	16.6	20191110
lab24	8.05	20191112
lab24	33.55	20191125
lab24	15.9	20191126
lab24	7.4	20191127
lab25	5.65	20191101
lab25	11.5	20191106
lab25	11.75	20191107
lab25	3.65	20191108
lab25	14.5	20191122
lab25	33.55	20191125
lab25	16.6	20191110
lab25	10.9	20191111
lab25	11.2	20191115
lab25	10.8	20191116
lab25	8.65	20191124
lab25	5.45	20191129
lab25	22.55	20191113
lab27	33.55	20191125
lab27	7.9	20191102
lab27	10.9	20191111
lab28	11.5	20191106
lab28	22.4	20191104
lab28	25.85	20191105
lab28	3.65	20191108
lab28	16.6	20191110
lab28	19.65	20191117
lab28	21.85	20191118
lab28	2.85	20191121
lab28	33.55	20191125
lab28	7.4	20191127
lab29	11.5	20191106
lab29	25.85	20191105
lab29	16.6	20191110
lab29	22.55	20191113
lab29	19.65	20191117
lab29	21.85	20191118
lab29	2.85	20191121
lab29	33.55	20191125
lab29	7.4	20191127
lab30	11.5	20191106
lab30	10.8	20191116
lab30	22.4	20191104
lab30	25.85	20191105
lab30	16.6	20191110
lab30	19.65	20191117
lab30	21.85	20191118
lab30	2.85	20191121
lab30	33.55	20191125
lab30	7.4	20191127
lab30	22.55	20191113
lab30	14.5	20191122
lab31	22.4	20191104
lab32	11.5	20191106
lab32	5.65	20191101
lab32	25.85	20191105
lab32	3.65	20191108
lab32	16.6	20191110
lab32	19.65	20191117
lab32	21.85	20191118
lab32	2.85	20191121
lab32	33.55	20191125
lab32	7.4	20191127
lab33	15.2	20191103
lab33	3.65	20191108
lab33	8.05	20191112
lab33	21.85	20191118
lab33	17.6	20191119
lab33	8.6	20191128
lab33	2.85	20191121
lab33	8.65	20191124
lab33	33.55	20191125
lab33	22.4	20191104
lab33	25.85	20191105
lab33	0	20191111
lab33	2.25	20191114
lab33	10.5	20191115
lab33	16.5	20191117
lab33	0.25	20191122
lab33	0.5	20191123
lab33	10	20191127
lab33	0.5	20191129
lab33	1.25	20191130
lab34	1	20191106
lab34	0	20191101
lab34	0.25	20191105
lab34	0.25	20191108
lab34	35	20191110
lab34	16.5	20191117
lab34	0.5	20191118
lab34	0.25	20191121
lab34	0.25	20191125
lab34	10	20191127
lab34	0.5	20191104
lab34	2.5	20191112
lab35	0	20191107
lab35	10.25	20191111
lab35	0.25	20191108
lab35	2.25	20191114
lab35	16.5	20191117
lab35	0.25	20191122
lab36	0.5	20191104
lab36	0.25	20191105
lab36	1	20191106
lab36	0	20191107
lab36	3.5	20191113
lab36	16.5	20191117
lab36	0.5	20191118
lab36	5.75	20191119
lab36	1.25	20191126
lab36	0.5	20191129
lab36	10.25	20191111
lab36	10	20191127
lab37	0.5	20191129
lab37	0.5	20191104
lab37	0.25	20191105
lab37	1	20191106
lab37	35	20191110
lab37	0.5	20191116
lab37	120	20191117
lab37	236	20191119
lab37	237.5	20191121
lab37	50	20191128
lab37	5	20191130
lab45	60	20191111
lab48	130	20191129
lab53	25.75	20191118
net0	52.5	20191108
net0	51	20191122
net0	60	20191123
net0	70	20191127
net0	5	20191130
net1	195	20191106
net1	72.5	20191114
net1	60	20191111
net1	85	20191124
net1	130	20191129
net10	136	20191110
net10	27.75	20191113
net10	70	20191127
net10	125	20191107
net10	72.5	20191114
net10	195	20191106
net10	130	20191105
net10	52.5	20191108
net10	60	20191109
net10	120	20191117
net10	85	20191124
net10	38	20191126
net10	137	20191101
net10	60	20191123
net10	45	20191120
net11	137	20191101
net11	90	20191104
net11	70.5	20191112
net11	126	20191103
net11	60	20191111
net11	45	20191120
net11	130	20191129
net11	75	20191115
net11	77	20191116
net11	237.5	20191121
net11	125	20191107
net12	90	20191104
net12	195	20191106
net12	130	20191105
net12	125	20191107
net12	136	20191110
net12	45	20191120
net12	126	20191103
net13	90	20191104
net13	75	20191115
net13	237.5	20191121
net13	85	20191124
net13	236	20191119
net13	130	20191105
net13	120	20191117
net15	45	20191120
net15	126	20191103
net15	90	20191104
net15	130	20191105
net15	195	20191106
net15	125	20191107
net15	60	20191109
net15	136	20191110
net15	70.5	20191112
net15	27.75	20191113
net15	72.5	20191114
net15	75	20191115
net15	77	20191116
net15	120	20191117
net15	25.75	20191118
net15	237.5	20191121
net15	0	20191122
net15	0	20191126
net15	0	20191127
net16	0	20191101
net16	0	20191104
net16	0	20191110
net16	0	20191114
net16	0	20191118
net16	0	20191125
net16	0	20191106
net16	0	20191127
net16	0	20191103
net16	0	20191107
net16	1	20191111
net17	2.5	20191107
net17	2	20191118
net17	1	20191128
net17	1	20191103
net17	2.5	20191104
net17	0	20191105
net18	0	20191105
net2	2.5	20191104
net2	0	20191105
net2	0	20191126
net2	0	20191108
net2	2	20191118
net2	5	20191120
net2	0	20191102
net2	0	20191119
net2	10	20191117
net20	0	20191127
net21	10	20191103
net22	0.25	20191106
net22	1	20191125
net24	0	20191114
net24	0	20191128
net24	0	20191108
net28	10	20191103
net3	0.06	20191111
net3	8	20191119
net3	1	20191125
net3	2	20191126
net3	0	20191114
net4	0.7	20191122
net4	6.5	20191130
net4	2	20191126
net4	8	20191119
net4	22	20191120
net5	9	20191104
net5	22	20191120
net5	50	20191101
net5	100	20191107
net5	75	20191102
net5	0	20191118
net5	50	20191122
net5	25	20191103
net5	25	20191115
net5	25	20191110
net5	75	20191117
net5	35	20191127
net6	1	20191113
net6	60	20191109
net7	25	20191103
net7	50	20191104
net7	0	20191106
net7	60	20191109
net7	25	20191110
net7	25	20191112
net7	25	20191115
net7	50	20191122
net7	2.5	20191111
net7	110	20191114
net7	50	20191121
net7	75	20191123
net7	52	20191126
net7	75	20191129
net7	100	20191107
net7	125	20191120
net7	75	20191124
net7	75	20191117
net7	75	20191119
net7	28	20191108
net7	1	20191113
net7	0	20191118
net7	25	20191130
net7	0	20191105
net7	1	20191128
net7	25	20191101
net8	25	20191101
net8	75	20191105
net8	25	20191111
net8	125	20191113
net8	25	20191115
net8	140	20191116
net8	75	20191117
net8	50	20191118
net8	235	20191121
net8	45	20191127
net8	252	20191128
net8	25	20191129
net8	5	20191130
net8	60	20191102
net8	175	20191107
net8	30	20191114
net8	50	20191109
net8	251	20191123
net8	100	20191124
net8	40	20191104
net8	0	20191122
net8	0	20191110
net8	25	20191108
net8	70	20191119
net9	25	20191101
net9	175	20191107
net9	50	20191109
net9	0	20191110
net9	25	20191111
net9	125	20191113
net9	25	20191115
net9	140	20191116
net9	235	20191121
net9	75	20191105
net9	0	20191112
net9	2.5	20191118
net9	0	20191122
net9	0	20191103
net9	0	20191102
net9	0	20191130
net9	0	20191129
net9	0	20191119
net9	0	20191125
net9	0	20191127
net9	0	20191124
net9	1.5	20191126
net9	2.5	20191104
net9	0	20191120
net9	25	20191123
pes0	4.5	20191101
pes0	2	20191102
pes0	7	20191103
pes0	2.5	20191104
pes0	2	20191105
pes0	2	20191106
pes0	0	20191107
pes0	0	20191108
pes0	0	20191109
pes0	0	20191110
pes0	2	20191111
pes0	2	20191112
pes0	0	20191113
pes0	0	20191114
pes0	0	20191115
pes0	0.5	20191116
pes0	4.5	20191117
pes0	5	20191118
pes0	8	20191119
pes0	0	20191120
pes0	6	20191121
pes0	10	20191122
pes0	25	20191123
pes0	2	20191124
pes0	0	20191125
pes0	1.5	20191126
pes0	0	20191127
pes0	25	20191128
pes0	25	20191129
pes0	0	20191130
pes1	4.5	20191109
pes1	0	20191117
pes11	30	20191120
pes12	25	20191103
pes12	10	20191104
pes12	4.5	20191109
pes12	0	20191110
pes12	0	20191111
pes12	3	20191112
pes12	25	20191114
pes12	25	20191121
pes12	0	20191124
pes12	25	20191128
pes12	0	20191130
pes12	85	20191101
pes12	150	20191102
pes12	70	20191105
pes12	40	20191106
pes12	40	20191107
pes12	50	20191108
pes12	15	20191113
pes12	50	20191115
pes12	20	20191116
pes12	110	20191117
pes12	72	20191118
pes12	60	20191119
pes12	71	20191120
pes12	40	20191122
pes12	50	20191123
pes12	75	20191125
pes12	51	20191126
pes12	44	20191127
pes12	92.5	20191129
pes14	64.5	20191104
pes14	30	20191112
pes14	75	20191125
pes14	23	20191128
pes14	72	20191118
pes14	81	20191110
pes15	150	20191102
pes18	110	20191117
pes18	71	20191109
pes18	51	20191126
pes18	4	20191130
pes19	71	20191109
pes19	30	20191112
pes19	81	20191110
pes2	40	20191107
pes2	75	20191125
pes2	65	20191103
pes2	70	20191105
pes22	40	20191107
pes22	82	20191111
pes22	30	20191112
pes23	65	20191103
pes23	64.5	20191104
pes23	30	20191112
pes23	15	20191113
pes23	50	20191115
pes23	20	20191116
pes23	110	20191117
pes23	60	20191119
pes23	40	20191122
pes23	50	20191123
pes23	75	20191125
pes23	92.5	20191129
pes23	85	20191101
pes23	44	20191127
pes23	150	20191102
pes23	40	20191107
pes24	65	20191103
pes24	50	20191115
pes24	110	20191117
pes24	72	20191118
pes24	60	20191119
pes24	10	20191124
pes24	75	20191125
pes24	92.5	20191129
pes24	150	20191102
pes24	70	20191105
pes24	81	20191110
pes24	2.5	20191120
pes24	0	20191127
pes24	0	20191128
pes24	16	20191113
pes24	3.75	20191106
pes24	0	20191116
pes25	3.5	20191104
pes25	0	20191116
pes25	1	20191117
pes25	1	20191121
pes25	0	20191101
pes25	0.35	20191103
pes25	5	20191115
pes26	0	20191101
pes26	0	20191102
pes26	0.35	20191103
pes26	3.5	20191104
pes26	0	20191105
pes26	3.75	20191106
pes26	2.5	20191107
pes26	6.5	20191108
pes26	0.5	20191109
pes26	2.5	20191110
pes26	3	20191111
pes26	6	20191112
pes26	16	20191113
pes26	0.75	20191114
pes26	5	20191115
pes26	0	20191116
pes26	1	20191117
pes26	3	20191118
pes26	10	20191119
pes26	2.5	20191120
pes26	1	20191121
pes26	2	20191122
pes26	10	20191123
pes26	0	20191124
pes26	0	20191125
pes26	0	20191126
pes26	0	20191127
pes26	20	20191128
pes26	10	20191129
pes26	25	20191130
pes27	0	20191101
pes27	25	20191102
pes27	0	20191103
pes27	23.5	20191104
pes27	5	20191105
pes27	4.5	20191106
pes27	0	20191107
pes27	0	20191108
pes27	1.5	20191109
pes27	2.5	20191110
pes27	0	20191111
pes27	40	20191112
pes27	1	20191113
pes27	0	20191114
pes27	2.5	20191115
pes27	12.5	20191116
pes27	2.5	20191117
pes27	1	20191118
pes27	22.5	20191119
pes27	22.5	20191120
pes27	2.5	20191121
pes27	0	20191122
pes27	2.5	20191123
pes27	10	20191124
pes27	11	20191125
pes27	0	20191126
pes27	0	20191127
pes27	15	20191128
pes27	2	20191129
pes27	5	20191130
pes28	1	20191101
pes28	30.5	20191102
pes28	3.5	20191103
pes28	23.5	20191104
pes28	5	20191105
pes28	4.5	20191106
pes28	0	20191107
pes28	0	20191108
pes28	0	20191109
pes28	0	20191110
pes28	0	20191111
pes28	0	20191112
pes28	0	20191113
pes28	30	20191114
pes28	1	20191115
pes28	0	20191116
pes28	0	20191117
pes28	25	20191118
pes28	10	20191119
pes28	15	20191120
pes28	5	20191121
pes28	2	20191122
pes28	0	20191123
pes28	10	20191124
pes28	0	20191126
pes28	0	20191127
pes28	5	20191128
pes28	35	20191129
pes28	0	20191130
pes28	10	20191125
pes3	0	20191101
pes3	0	20191102
pes3	10	20191103
pes3	0	20191105
pes3	25	20191106
pes3	75	20191107
pes3	25	20191109
pes3	0	20191104
pes30	0	20191102
pes32	0	20191106
pes32	0	20191111
pes32	0	20191117
pes32	2.5	20191121
pes32	80	20191125
pes32	0	20191126
pes33	0	20191118
pes33	0	20191130
pes33	0.7	20191105
pes33	0	20191107
pes4	0	20191102
pes4	0.7	20191105
pes4	1	20191106
pes4	0	20191109
pes4	0	20191112
pes4	0	20191121
pes4	16	20191108
pes4	4	20191111
pes4	2	20191113
pes4	5	20191114
pes4	6	20191115
pes4	6	20191118
pes4	29	20191120
pes4	0	20191101
pes4	0	20191104
pes4	4	20191107
pes4	0	20191122
pes4	1	20191127
pes4	1	20191125
pes4	10	20191103
pes4	0	20191116
pes4	5	20191119
pes4	2	20191130
pes4	20	20191124
pes6	5	20191114
pes7	0	20191104
pes7	6	20191118
pes7	0	20191116
pes7	22	20191110
pes7	2	20191117
pes7	1	20191125
pes7	1	20191126
pes7	0	20191128
pes7	0	20191113
pes8	0	20191124
pes8	0	20191101
pes8	0	20191102
pes8	0	20191113
pes9	0	20191102
pes9	2.5	20191103
pes9	0	20191104
pes9	0	20191105
pes9	0	20191106
pes9	0	20191107
pes9	0	20191108
pes9	0	20191109
pes9	0	20191110
pes9	3	20191111
pes9	0	20191118
pes9	0	20191119
pes9	0	20191124
pes9	0	20191125
pes9	0	20191126
pol0	3	20191123
pol0	25	20191114
pol0	2	20191110
pol0	3	20191101
pol0	0	20191104
pol0	100	20191107
pol0	0	20191109
pol0	0	20191112
pol0	0	20191115
pol0	12	20191119
pol0	0	20191121
pol0	1	20191122
pol0	0	20191124
pol0	1	20191128
pol0	0	20191102
pol0	0	20191103
pol0	1	20191105
pol0	0	20191106
pol0	1	20191113
pol0	0	20191116
pol0	1	20191118
pol0	0	20191125
pol0	0	20191127
pol1	2.5	20191113
pol1	0	20191124
pol1	0	20191104
pol1	0	20191115
pol1	0	20191107
pol1	0	20191109
pol1	0	20191111
pol1	0	20191129
pol10	0	20191120
pol10	2.5	20191105
pol10	0	20191103
pol10	128	20191125
pol12	75	20191107
pol13	0	20191120
pol14	45	20191102
pol14	1	20191103
pol14	113	20191104
pol14	20	20191105
pol14	75	20191107
pol14	5	20191110
pol14	0	20191114
pol14	50	20191116
pol14	2	20191119
pol14	0	20191120
pol14	11	20191121
pol14	5	20191122
pol14	0	20191124
pol14	128	20191125
pol14	27	20191126
pol14	110	20191127
pol14	0	20191128
pol14	46	20191129
pol14	50	20191109
pol15	113	20191104
pol15	20	20191105
pol15	25	20191106
pol15	46	20191111
pol15	0	20191112
pol15	0	20191114
pol15	50	20191116
pol15	25	20191117
pol15	27	20191118
pol15	2	20191119
pol15	0	20191120
pol15	11	20191121
pol15	0	20191123
pol15	0	20191124
pol15	128	20191125
pol15	27	20191126
pol15	0	20191128
pol15	46	20191129
pol15	0	20191130
pol15	0	20191115
pol16	0	20191101
pol16	0	20191102
pol16	0	20191103
pol16	0	20191104
pol16	30	20191105
pol16	20	20191107
pol16	0	20191108
pol16	0	20191109
pol16	6	20191110
pol16	0	20191111
pol16	0	20191112
pol16	10	20191115
pol16	0	20191116
pol16	0	20191117
pol16	0	20191118
pol16	2545	20191119
pol16	1132	20191122
pol16	552	20191127
pol16	1500	20191128
pol16	400	20191129
pol16	889	20191113
pol16	2100	20191121
pol16	185	20191130
pol17	969	20191101
pol17	472	20191102
pol17	635	20191103
pol17	1925	20191104
pol17	727	20191106
pol17	507	20191107
pol17	1782	20191108
pol17	867	20191109
pol17	3267	20191112
pol17	889	20191113
pol17	1985	20191114
pol17	892	20191115
pol17	700	20191117
pol17	2545	20191119
pol17	1132	20191122
pol17	747	20191125
pol17	552	20191127
pol17	1500	20191128
pol17	400	20191129
pol17	185	20191130
pol17	640	20191116
pol17	622	20191124
pol17	1517	20191118
pol18	472	20191102
pol18	635	20191103
pol18	727	20191106
pol18	968	20191111
pol18	3267	20191112
pol18	640	20191116
pol18	700	20191117
pol18	1517	20191118
pol18	2100	20191121
pol18	1132	20191122
pol18	622	20191124
pol18	400	20191129
pol18	185	20191130
pol18	1782	20191108
pol18	747	20191125
pol19	969	20191101
pol19	635	20191103
pol19	1925	20191104
pol19	1782	20191108
pol19	867	20191109
pol19	3267	20191112
pol19	889	20191113
pol19	1985	20191114
pol19	892	20191115
pol19	640	20191116
pol19	1132	20191122
pol19	747	20191125
pol19	552	20191127
pol19	185	20191130
pol19	1190	20191105
pol19	1104	20191110
pol2	700	20191117
pol2	440	20191126
pol2	1132	20191122
pol2	622	20191124
pol2	969	20191101
pol2	472	20191102
pol2	635	20191103
pol2	1190	20191105
pol2	727	20191106
pol2	507	20191107
pol2	1782	20191108
pol2	867	20191109
pol2	3267	20191112
pol2	889	20191113
pol2	1985	20191114
pol2	892	20191115
pol2	640	20191116
pol2	1517	20191118
pol2	2545	20191119
pol2	1530	20191120
pol2	2100	20191121
pol2	747	20191125
pol2	1500	20191128
pol2	400	20191129
pol2	185	20191130
pol2	904	20191123
pol2	1925	20191104
pol2	552	20191127
pol20	969	20191101
pol20	1190	20191105
pol20	968	20191111
pol20	889	20191113
pol20	892	20191115
pol20	2545	20191119
pol20	1132	20191122
pol20	747	20191125
pol20	400	20191129
pol20	727	20191106
pol20	1500	20191128
pol21	969	20191101
pol21	472	20191102
pol21	1190	20191105
pol21	727	20191106
pol21	507	20191107
pol21	968	20191111
pol21	3267	20191112
pol21	1985	20191114
pol21	892	20191115
pol21	640	20191116
pol21	1517	20191118
pol21	2545	20191119
pol21	2100	20191121
pol21	1132	20191122
pol21	904	20191123
pol21	440	20191126
pol21	552	20191127
pol21	1500	20191128
pol21	400	20191129
pol21	747	20191125
pol21	700	20191117
pol21	1925	20191104
pol22	968	20191111
pol22	747	20191125
pol22	440	20191126
pol22	1500	20191128
pol22	889	20191113
pol22	640	20191116
pol22	1104	20191110
pol22	1985	20191114
pol22	700	20191117
pol22	1517	20191118
pol22	1530	20191120
pol22	2100	20191121
pol22	1132	20191122
pol22	1190	20191105
pol22	400	20191129
pol22	892	20191115
pol23	968	20191111
pol23	747	20191125
pol23	3267	20191112
pol23	889	20191113
pol23	635	20191103
pol24	2545	20191119
pol24	1530	20191120
pol3	1985	20191114
pol3	2545	20191119
pol3	1517	20191118
pol3	2100	20191121
pol3	185	20191130
pol3	969	20191101
pol3	472	20191102
pol3	1925	20191104
pol3	507	20191107
pol3	1190	20191105
pol3	1104	20191110
pol3	968	20191111
pol3	700	20191117
pol3	1530	20191120
pol3	635	20191103
pol3	1132	20191122
pol4	1517	20191118
pol4	727	20191106
pol4	1985	20191114
pol4	2100	20191121
pol4	1190	20191105
pol4	472	20191102
pol4	1104	20191110
pol4	400	20191129
pol4	889	20191113
pol4	552	20191127
pol4	700	20191117
pol5	440	20191126
pol5	472	20191102
pol5	968	20191111
pol5	727	20191106
pol5	3267	20191112
pol5	1530	20191120
pol5	185	20191130
pol5	1925	20191104
pol5	1190	20191105
pol5	700	20191117
pol5	2545	20191119
pol5	2100	20191121
pol5	969	20191101
pol5	635	20191103
pol5	507	20191107
pol5	1782	20191108
pol5	867	20191109
pol5	1104	20191110
pol5	889	20191113
pol5	0	20191114
pol5	115	20191115
pol5	225	20191116
pol5	120	20191122
pol5	165	20191123
pol5	155	20191128
pol5	390	20191118
pol5	200	20191129
pol6	340	20191101
pol6	347	20191103
pol6	689	20191105
pol6	395	20191110
pol6	400	20191112
pol6	345	20191113
pol6	535	20191114
pol6	225	20191116
pol6	515	20191117
pol6	515	20191119
pol6	120	20191122
pol6	255	20191124
pol6	75	20191126
pol6	173	20191104
pol6	534	20191107
pol6	443	20191111
pol6	170	20191102
pol6	364	20191106
pol6	540	20191109
pol6	115	20191115
pol6	390	20191118
pol6	600	20191120
pol6	267	20191121
pol6	235	20191125
pol6	155	20191128
pol6	200	20191129
pol6	360	20191108
pol6	165	20191123
pol6	130	20191127
pol7	364	20191106
pol7	345	20191113
pol7	115	20191115
pol7	165	20191123
pol7	200	20191129
pol7	360	20191108
pol8	534	20191107
pol8	364	20191106
pol8	395	20191110
pol8	443	20191111
pol8	155	20191128
pol8	173	20191104
pol8	515	20191117
pol8	340	20191101
pol8	689	20191105
pol8	165	20191123
pol9	443	20191111
pol9	600	20191120
pot1	170	20191102
pot1	235	20191125
pot1	155	20191128
pot1	200	20191129
pot10	173	20191104
pot10	689	20191105
pot10	255	20191124
pot10	155	20191128
pot10	10	20191130
pot10	347	20191103
pot10	395	20191110
pot10	400	20191112
pot10	345	20191113
pot10	115	20191115
pot10	75	20191126
pot10	340	20191101
pot11	515	20191119
pot12	340	20191101
pot12	170	20191102
pot12	173	20191104
pot12	689	20191105
pot12	534	20191107
pot12	443	20191111
pot12	400	20191112
pot12	515	20191117
pot12	120	20191122
pot12	165	20191123
pot12	235	20191125
pot12	360	20191108
pot12	345	20191113
pot12	515	20191119
pot12	200	20191129
pot12	347	20191103
pot12	364	20191106
pot12	540	20191109
pot12	395	20191110
pot12	535	20191114
pot12	225	20191116
pot12	390	20191118
pot12	255	20191124
pot14	267	20191121
pot15	395	20191110
pot15	390	20191118
pot15	515	20191119
pot15	165	20191123
pot15	255	20191124
pot15	170	20191102
pot15	173	20191104
pot15	364	20191106
pot15	267	20191121
pot15	689	20191105
pot15	360	20191108
pot15	515	20191117
pot15	75	20191126
pot16	170	20191102
pot16	347	20191103
pot16	540	20191109
pot16	395	20191110
pot16	535	20191114
pot16	600	20191120
pot16	267	20191121
pot16	255	20191124
pot16	200	20191129
pot16	225	20191116
pot16	340	20191101
pot16	364	20191106
pot16	400	20191112
pot16	173	20191104
pot17	540	20191109
pot17	395	20191110
pot17	225	20191116
pot17	515	20191117
pot17	600	20191120
pot17	235	20191125
pot17	130	20191127
pot17	200	20191129
pot17	10	20191130
pot17	400	20191112
pot17	267	20191121
pot17	340	20191101
pot18	515	20191119
pot18	267	20191121
pot19	340	20191101
pot19	347	20191103
pot19	364	20191106
pot19	395	20191110
pot19	400	20191112
pot19	115	20191115
pot19	515	20191117
pot19	0	20191128
pot19	40	20191105
pot19	135	20191108
pot19	60	20191111
pot19	0	20191121
pot19	115	20191107
pot19	40	20191122
pot2	55	20191102
pot2	0	20191123
pot2	0	20191128
pot20	55	20191101
pot20	55	20191102
pot20	154	20191104
pot20	60	20191111
pot20	20	20191113
pot20	206	20191119
pot20	98	20191114
pot21	55	20191101
pot21	95	20191103
pot21	154	20191104
pot21	40	20191105
pot21	115	20191107
pot21	135	20191108
pot21	100	20191109
pot21	98	20191114
pot21	86	20191115
pot21	80	20191117
pot21	155	20191118
pot21	85	20191120
pot21	0	20191121
pot21	40	20191122
pot21	0	20191123
pot21	10	20191126
pot21	0	20191127
pot21	15	20191130
pot21	60	20191111
pot21	55	20191106
pot23	40	20191122
pot24	40	20191122
pot245	40	20191122
pot25	40	20191122
pot25	85	20191120
pot25	10	20191125
pot26	40	20191122
pot26	0	20191127
pot26	15	20191130
pot27	40	20191122
pot27	40	20191105
pot27	95	20191103
pot27	55	20191106
pot28	40	20191122
pot3	95	20191103
pot30	60	20191111
pot30	10	20191125
pot30	135	20191108
pot31	98	20191114
pot32	10	20191125
pot32	30	20191129
pot33	55	20191101
pot33	86	20191115
pot33	10	20191126
pot34	154	20191104
pot34	170	20191110
pot34	0	20191127
pot34	50	20191112
pot35	206	20191119
pot35	20	20191113
pot35	75	20191116
pot35	10	20191125
pot35	10	20191126
pot35	30	20191129
pot35	0	20191123
pot35	60	20191111
pot35	50	20191112
pot35	1	20191106
pot35	0	20191109
pot35	1	20191128
pot35	4	20191105
pot36	0	20191116
pot36	1	20191122
pot36	0	20191130
pot36	3	20191118
pot36	2	20191127
pot36	0	20191109
pot36	1	20191128
pot38	0	20191115
pot38	2	20191121
pot38	1	20191122
pot38	1	20191103
pot38	1	20191106
pot38	0	20191104
pot38	1	20191109
pot38	2	20191117
pot38	3	20191118
pot38	1	20191130
pot38	1	20191125
pot39	0	20191123
pot39	1	20191102
pot39	1	20191114
pot4	0	20191103
pot4	0	20191110
pot41	2	20191108
pot41	0	20191110
pot41	1	20191115
pot41	6	20191112
pot41	1	20191128
pot41	1	20191126
pot41	2	20191113
pot41	0	20191119
pot41	1	20191106
pot41	3	20191118
pot42	0	20191103
pot42	4	20191107
pot42	0	20191108
pot42	6	20191110
pot42	6	20191121
pot42	2	20191124
pot42	3	20191114
pot42	3	20191115
pot42	2	20191126
pot42	0	20191102
pot42	4	20191118
pot42	3	20191123
pot43	1	20191107
pot43	6	20191110
pot43	6	20191117
pot43	2	20191126
pot43	0	20191102
pot43	6	20191111
pot43	5	20191101
pot43	1	20191112
pot43	3	20191123
pot43	3	20191125
pot44	1	20191112
pot44	4	20191122
pot45	6	20191105
pot46	1	20191112
pot47	2	20191116
pot47	3	20191119
pot47	4	20191120
pot48	0	20191101
pot48	6	20191103
pot48	107	20191106
pot48	0	20191109
pot48	400	20191118
pot48	30	20191102
pot48	312	20191105
pot48	0	20191111
pot48	0	20191113
pot48	0	20191114
pot48	100	20191115
pot48	40	20191117
pot48	130	20191119
pot48	0	20191122
pot48	0	20191126
pot48	2	20191127
pot48	0	20191130
pot48	0	20191128
pot49	1	20191124
pot49	1	20191116
pot49	1	20191118
pot49	0	20191128
pot5	1	20191123
pot5	1	20191101
pot5	1	20191104
pot5	0	20191107
pot5	1	20191118
pot5	1	20191120
pot5	1	20191124
pot5	0	20191129
pot5	0	20191108
pot5	0	20191109
pot5	1	20191111
pot50	1	20191111
pot50	4	20191109
pot50	6	20191121
pot50	0	20191128
pot50	6	20191101
pot50	3	20191105
pot50	3	20191110
pot50	8	20191113
pot50	4	20191115
pot50	4	20191116
pot50	1	20191120
pot50	3	20191123
pot51	3	20191110
pot51	4	20191104
pot51	2	20191107
pot51	2	20191114
pot51	3	20191119
pot51	1	20191122
pot51	2	20191126
pot51	3	20191129
pot51	0	20191128
pot52	3	20191117
pot52	5	20191118
pot52	1	20191122
pot52	3	20191124
pot52	3	20191129
pot52	5	20191125
pot52	1	20191111
pot52	0	20191116
pot52	1	20191123
pot53	4	20191110
pot53	4	20191120
pot53	0	20191122
pot53	2	20191124
pot53	2	20191129
pot53	0	20191115
pot53	0	20191119
pot53	0	20191118
pot53	7	20191113
pot53	2	20191117
pot54	4	20191110
pot54	0	20191115
pot54	1	20191126
pot54	0	20191102
pot54	7	20191113
pot54	2	20191124
pot54	1	20191130
pot54	0	20191103
pot54	9	20191104
pot54	1	20191128
pot54	0	20191112
pot54	0	20191117
pot54	0	20191122
pot54	90	20191111
pot55	0	20191126
pot55	0	20191113
pot55	0	20191121
pot55	0	20191129
pot55	160	20191130
pot55	0	20191101
pot55	260	20191104
pot55	0	20191107
pot55	1	20191122
pot55	2	20191116
pot56	2	20191109
pot56	3	20191113
pot56	7	20191124
pot56	4	20191121
pot56	2	20191111
pot57	4	20191105
pot57	2	20191111
pot57	4	20191117
pot57	2	20191106
pot57	3	20191113
pot57	3	20191119
pot57	5	20191112
pot57	5	20191127
pot58	2	20191111
pot58	5	20191112
pot58	3	20191114
pot58	4	20191115
pot58	3	20191120
pot58	7	20191124
pot58	5	20191127
pot58	4	20191104
pot58	1	20191108
pot58	2	20191126
pot58	2	20191109
pot58	0	20191128
pot59	1	20191101
pot59	0	20191102
pot59	2	20191103
pot59	0	20191106
pot59	1	20191109
pot59	0	20191110
pot59	0	20191111
pot59	0	20191114
pot59	1	20191118
pot59	1	20191119
pot59	0	20191120
pot59	1	20191121
pot59	1	20191122
pot59	60	20191124
pot59	0	20191125
pot59	0	20191126
pot59	0	20191129
pot59	40	20191104
pot59	50	20191105
pot59	30	20191112
pot59	40	20191116
pot6	25	20191107
pot6	0	20191123
pot6	40	20191104
pot6	25	20191108
pot6	30	20191111
pot60	55	20191101
pot60	25	20191106
pot60	50	20191110
pot60	15	20191117
pot60	10	20191122
pot60	0	20191123
pot60	60	20191124
pot60	0	20191125
pot60	0	20191126
pot60	0	20191128
pot60	0	20191129
pot60	0	20191130
pot60	50	20191105
pot60	25	20191108
pot60	50	20191109
pot60	30	20191111
pot60	0	20191114
pot60	15	20191121
pot60	25	20191107
pot61	0	20191130
pot61	30	20191112
pot61	40	20191116
pot61	20	20191118
pot62	0	20191123
pot62	0	20191125
pot62	30	20191111
pot62	1	20191118
pot62	0	20191126
pot62	0	20191127
pot62	0	20191128
pot62	0	20191102
pot62	0	20191106
pot63	0	20191105
pot63	0	20191108
pot63	15	20191119
pot63	0	20191125
pot63	0	20191104
pot63	0	20191109
pot63	0	20191117
pot63	2	20191126
pot63	1	20191121
pot64	0	20191113
pot64	0	20191104
pot64	0	20191108
pot64	3	20191122
pot65	0	20191101
pot65	1	20191117
pot66	0	20191120
pot68	0	20191103
pot68	0	20191108
pot68	0	20191110
pot68	1	20191111
pot68	0	20191114
pot68	0	20191122
pot68	0	20191124
pot68	7	20191113
pot68	0	20191123
pot68	0	20191126
pot68	0	20191107
pot68	0	20191125
pot68	0	20191119
pot68	32	20191101
pot68	0	20191104
pot68	15	20191112
pot68	0	20191127
pot68	0	20191128
pot68	1	20191105
pot68	0	20191115
pot68	0	20191116
pot68	1	20191106
pot68	1	20191120
pot68	1	20191117
pot69	1	20191107
pot69	1	20191108
pot69	1	20191110
pot69	0	20191115
pot69	1	20191117
pot69	2	20191121
pot69	3	20191124
pot69	4	20191102
pot69	0	20191125
pot69	1	20191105
pot69	1	20191119
pot69	1	20191130
pot69	4	20191112
pot69	1	20191111
pot69	0	20191116
pot69	1	20191127
pot69	1	20191113
pot69	0	20191126
pot69	0	20191104
pot69	0	20191101
pot7	0	20191123
pot7	6	20191113
pot7	0	20191120
pot7	8	20191112
pot7	0	20191114
pot7	15	20191103
pot7	0	20191119
pot7	0	20191121
pot7	0	20191110
pot7	0	20191111
pot70	0	20191102
pot70	0	20191105
pot70	24	20191106
pot70	31	20191107
pot70	56	20191109
pot70	13	20191113
pot70	14	20191117
pot70	26	20191124
pot70	7	20191126
pot70	11	20191127
pot70	14	20191129
pot70	46	20191108
pot70	21	20191120
pot70	7	20191125
pot70	50	20191110
pot70	43	20191111
pot70	39	20191101
pot70	29	20191112
pot70	18	20191114
pot70	20	20191118
pot70	16	20191130
pot70	28	20191119
pot70	9	20191122
pot70	7	20191123
pot70	19	20191121
pot70	13	20191116
pot71	23	20191102
pot71	30	20191105
pot71	29	20191112
pot71	26	20191124
pot71	13	20191113
pot71	16	20191115
pot71	0	20191118
pot71	0	20191129
pot71	15	20191117
pot71	0	20191120
pot71	10	20191101
pot71	0	20191106
pot71	167	20191107
pot71	160	20191108
pot71	87	20191116
pot71	120	20191122
pot71	66	20191123
pot71	365	20191119
pot71	359	20191110
pot71	220	20191114
pot71	150	20191104
pot71	250	20191127
pot72	150	20191104
pot72	167	20191107
pot72	205	20191111
pot72	187	20191113
pot72	127	20191121
pot72	23	20191130
pot72	125	20191102
pot72	135	20191106
pot72	80	20191112
pot72	120	20191122
pot72	215	20191115
pot72	365	20191119
pot72	280	20191120
pot72	66	20191123
pot72	190	20191125
pot72	270	20191103
pot72	160	20191108
pot72	157	20191117
pot72	287	20191118
pot72	175	20191126
pot72	207	20191109
pot72	359	20191110
pot72	220	20191114
pot72	0	20191129
pot73	270	20191103
pot73	167	20191107
pot73	207	20191109
pot73	359	20191110
pot73	87	20191116
pot73	127	20191121
pot73	105	20191124
pot73	23	20191130
pot73	205	20191111
pot73	187	20191113
pot73	157	20191117
pot73	365	20191119
pot73	120	20191122
pot73	80	20191112
pot73	160	20191108
pot73	287	20191118
pot73	175	20191126
pot73	0	20191129
pot73	215	20191115
pot73	150	20191101
pot73	150	20191104
pot73	135	20191106
pot73	250	20191127
pot74	264	20191105
pot74	207	20191109
pot74	359	20191110
pot74	187	20191113
pot74	287	20191118
pot74	365	20191119
pot74	127	20191121
pot74	66	20191123
pot74	105	20191124
pot74	190	20191125
pot74	0	20191128
pot74	23	20191130
pot74	270	20191103
pot74	150	20191104
pot74	215	20191115
pot74	250	20191127
pot74	205	20191111
pot74	175	20191126
pot74	125	20191102
pot74	135	20191106
pot74	167	20191107
pot74	160	20191108
pot74	80	20191112
pot74	220	20191114
pot74	157	20191117
pot74	120	20191122
pot74	0	20191129
pot74	150	20191101
pot75	150	20191101
pot75	150	20191104
pot75	264	20191105
pot75	160	20191108
pot75	359	20191110
pot75	215	20191115
pot75	66	20191123
pot75	105	20191124
pot75	167	20191107
pot75	280	20191120
pot75	190	20191125
pot75	87	20191116
pot75	287	20191118
pot75	125	20191102
pot75	270	20191103
pot75	135	20191106
pot75	207	20191109
pot75	205	20191111
pot75	80	20191112
pot75	220	20191114
pot75	157	20191117
pot75	127	20191121
pot75	175	20191126
pot75	250	20191127
pot75	23	20191130
pot75	120	20191122
pot75	365	20191119
pot76	270	20191103
pot76	80	20191112
pot76	190	20191125
pot76	220	20191114
pot76	167	20191107
pot76	160	20191108
pot76	205	20191111
pot76	215	20191115
pot76	120	20191122
pot76	66	20191123
pot76	105	20191124
pot76	250	20191127
pot76	135	20191106
pot76	287	20191118
pot76	365	20191119
pot76	264	20191105
pot76	150	20191104
pot77	150	20191104
pot77	205	20191111
pot77	220	20191114
pot77	0	20191116
pot77	0	20191119
pot77	0	20191124
pot77	0	20191126
pot77	0	20191107
pot77	0	20191113
pot77	0	20191101
pot77	0	20191121
pot77	0	20191102
pot77	0	20191103
pot77	0	20191105
pot77	6	20191106
pot77	0	20191108
pot77	0	20191109
pot77	0	20191110
pot77	0	20191112
pot77	2	20191115
pot77	0	20191117
pot77	0	20191118
pot77	0	20191120
pot77	0	20191122
pot77	0	20191123
pot77	3	20191125
pot77	0	20191127
pot77	0	20191128
pot77	0	20191129
pot78	0	20191113
pot78	0	20191118
pot78	2	20191126
pot78	0	20191127
pot78	0	20191129
pot78	0	20191119
pot78	0	20191122
pot78	2	20191109
pot78	0	20191108
pot78	0	20191120
pot78	0	20191101
pot78	2	20191106
pot78	0	20191107
pot78	0	20191111
pot78	0	20191116
pot78	0	20191117
pot78	11	20191130
pot78	0	20191112
pot79	5	20191101
pot79	7	20191113
pot79	5	20191106
pot79	7	20191123
pot79	5	20191120
pot79	7	20191125
pot79	7	20191108
pot8	13	20191105
pot8	0	20191124
pot8	1	20191109
pot8	3	20191129
pot8	3	20191102
pot8	0	20191112
pot80	13	20191105
pot80	0	20191111
pot80	0	20191114
pot80	7	20191125
pot80	2	20191104
pot80	7	20191113
pot80	3	20191102
pot80	0	20191112
pot80	1	20191107
pot80	5	20191106
pot81	7	20191108
pot81	27	20191119
pot82	0	20191122
pot82	1	20191109
pot82	3	20191102
pot83	2	20191104
pot83	1	20191107
pot83	7	20191123
pot83	50	20191128
pot83	10	20191102
pot83	20	20191116
pot84	5	20191110
pot84	0	20191103
pot84	10	20191126
pot84	3	20191104
pot84	3	20191101
pot84	0	20191118
pot84	0	20191120
pot84	10	20191102
pot84	8	20191113
pot84	50	20191129
pot84	10	20191107
pot84	5	20191112
pot84	0	20191115
pot84	20	20191116
pot84	7	20191117
pot84	0	20191121
pot84	0	20191123
pot84	0	20191125
pot84	4	20191106
pot85	5	20191110
pot85	10	20191107
pot85	10	20191126
pot85	3	20191104
pot85	0	20191112
pot85	0	20191128
pot85	0	20191124
pot85	0	20191120
pot86	0	20191102
pot86	0	20191104
pot86	0	20191105
pot86	0	20191119
pot86	0	20191125
pot87	0	20191114
pot87	50	20191106
pot87	0	20191112
pot87	0	20191120
pot87	0	20191118
pot87	0	20191101
pot87	0	20191109
pot88	0	20191101
pot88	0	20191103
pot88	0	20191108
pot88	0	20191113
pot88	0	20191121
pot88	0	20191104
pot88	0	20191105
pot88	0	20191112
pot88	0	20191119
pot88	0	20191125
pot88	0	20191128
pot88	0	20191127
pot88	0	20191111
pot89	0	20191112
pot89	0	20191114
pot89	200	20191120
pot89	2010	20191104
pot89	0	20191108
pot89	100	20191109
pot89	0	20191110
pot89	0	20191113
pot89	0	20191115
pot89	0	20191116
pot89	0	20191118
pot89	0	20191119
pot89	0	20191123
pot89	0	20191124
pot89	2000	20191127
pot89	0	20191103
pot89	0	20191105
pot89	0	20191102
pot89	0	20191122
pot89	45	20191128
pot9	0	20191104
pot9	0	20191110
pot9	0	20191108
pot9	20	20191115
pot9	200	20191102
pot9	100	20191107
pot9	100	20191109
pot9	0	20191116
pot9	20	20191120
pot9	20	20191121
pot9	220	20191123
pot9	100	20191125
pot9	120	20191129
pot9	0	20191117
pot90	0	20191103
pot90	100	20191125
pot90	200	20191102
pot90	0	20191106
pot90	100	20191107
pot90	20	20191121
pot91	100	20191126
pot91	0	20191106
pot91	0	20191121
pot91	0	20191114
pot91	24	20191128
pot91	50	20191105
pot91	10	20191111
pot91	50	20191112
pot91	0	20191120
pot91	0	20191102
pot91	100	20191103
pot91	0	20191107
pot91	0	20191110
pot91	0	20191113
pot91	0	20191115
pot91	0	20191117
pot91	0	20191118
pot91	0	20191125
pot91	0	20191127
pot91	0	20191130
pot91	0	20191109
pot97	0	20191125
sal0	0	20191104
sal0	0	20191110
sal0	0	20191114
sal0	0	20191117
sal0	0	20191127
sal0	0	20191128
sal0	0	20191109
sal0	200	20191106
sal0	100	20191108
sal0	0	20191111
sal0	10	20191112
sal0	0	20191118
sal0	0	20191119
sal0	0	20191120
sal0	10	20191121
sal0	0	20191122
sal0	0	20191124
sal0	0	20191125
sal0	0	20191129
sal0	0	20191101
sal0	0	20191102
sal0	0	20191103
sal0	0	20191126
sal0	0	20191105
sal0	0	20191107
sal0	1100	20191113
sal0	0	20191115
sal0	0	20191116
sal0	0	20191123
sal0	0	20191130
sal1	0	20191104
sal1	200	20191122
sal1	0	20191106
sal1	0	20191102
sal1	0	20191110
sal1	0	20191111
sal1	1100	20191113
sal1	0	20191115
sal1	0	20191119
sal1	0	20191126
sal1	0	20191129
sal1	0	20191130
sal1	0	20191120
sal1	0	20191101
sal1	0	20191103
sal1	0	20191105
sal1	100	20191107
sal1	0	20191108
sal1	0	20191109
sal1	0	20191112
sal1	400	20191114
sal1	0	20191116
sal1	400	20191117
sal1	500	20191118
sal1	2800	20191121
sal1	200	20191124
sal1	2700	20191125
sal1	600	20191127
sal1	11300	20191128
sal1	600	20191123
sal10	400	20191101
sal10	200	20191102
sal10	400	20191103
sal10	300	20191104
sal10	200	20191105
sal10	10200	20191106
sal10	800	20191107
sal10	1400	20191108
sal10	200	20191109
sal10	300	20191110
sal10	1200	20191111
sal10	0	20191112
sal10	1100	20191113
sal10	1700	20191114
sal10	200	20191115
sal10	100	20191116
sal10	400	20191117
sal10	500	20191118
sal10	4100	20191119
sal10	1700	20191120
sal10	2800	20191121
sal10	600	20191122
sal10	600	20191123
sal10	200	20191124
sal10	2700	20191125
sal10	1100	20191126
sal10	600	20191127
sal10	11300	20191128
sal10	500	20191129
sal10	0	20191130
sal11	400	20191101
sal11	400	20191103
sal11	300	20191104
sal11	200	20191105
sal11	10200	20191106
sal11	800	20191107
sal11	200	20191109
sal11	300	20191110
sal11	1200	20191111
sal11	0	20191112
sal11	1100	20191113
sal11	200	20191117
sal11	0	20191118
sal11	0	20191119
sal11	0	20191120
sal11	0	20191121
sal11	200	20191122
sal11	0	20191123
sal11	0	20191125
sal11	0	20191126
sal11	0	20191127
sal11	0	20191128
sal11	2000	20191129
sal11	0	20191102
sal11	0	20191108
sal11	1000	20191114
sal11	100	20191115
sal11	0	20191116
sal11	0	20191124
sal11	100	20191130
sal2	0	20191110
sal2	0	20191111
sal2	0	20191124
sal2	0	20191118
sal2	1000	20191107
sal2	0	20191117
sal2	0	20191121
sal2	0	20191105
sal2	40	20191104
sal2	0	20191123
sal2	0	20191126
sal2	100	20191127
sal2	0	20191128
sal2	0	20191106
sal2	0	20191108
sal2	0	20191102
sal2	200	20191109
sal2	0	20191112
sal2	100	20191113
sal2	400	20191119
sal2	100	20191120
sal2	300	20191122
sal2	1000	20191125
sal2	0	20191129
sal2	0	20191130
sal3	0	20191106
sal3	500	20191107
sal3	0	20191118
sal3	0	20191124
sal3	0	20191129
sal3	0	20191116
sal3	1000	20191125
sal3	100	20191110
sal3	0	20191117
sal3	200	20191102
sal3	0	20191115
sal3	0	20191123
sal3	1000	20191126
sal3	0	20191108
sal3	1100	20191112
sal3	300	20191114
sal3	3300	20191127
sal3	3600	20191120
sal3	1200	20191122
sal3	2500	20191113
sal3	1100	20191105
sal3	300	20191109
sal3	6100	20191119
sal3	2000	20191121
sal3	1000	20191128
sal4	3600	20191120
sal4	100	20191101
sal4	1000	20191106
sal4	300	20191109
sal4	300	20191114
sal4	0	20191115
sal4	100	20191116
sal4	2200	20191118
sal4	2000	20191121
sal4	0	20191123
sal4	1000	20191125
sal4	1000	20191126
sal4	1000	20191128
sal4	1000	20191110
sal4	2500	20191113
sal4	1000	20191107
sal4	7000	20191111
sal4	1100	20191112
sal4	0	20191117
sal4	1200	20191122
sal4	0	20191124
sal4	0	20191129
sal4	0	20191105
sal4	100	20191119
sal4	1000	20191127
sal5	0	20191102
sal5	0	20191106
sal5	1000	20191110
sal5	100	20191113
sal5	200	20191114
sal5	100	20191115
sal5	0	20191117
sal5	200	20191118
sal5	0	20191120
sal5	4300	20191122
sal5	0	20191124
sal5	1000	20191127
sal5	0	20191103
sal5	1000	20191126
sal5	15	20191129
sal5	5	20191116
sal5	1	20191101
sal5	0	20191104
sal5	0	20191105
sal5	1	20191107
sal5	1	20191108
sal5	0	20191109
sal5	5	20191111
sal5	0	20191112
sal5	0	20191121
sal5	1	20191125
sal5	0	20191128
sal5	0	20191119
sal5	0	20191123
sal5	0	20191130
sal6	0	20191129
sal6	0	20191111
sal6	100	20191118
sal6	0	20191102
sal6	0	20191112
sal6	0	20191126
sal6	100	20191104
sal6	600	20191108
sal6	0	20191109
sal6	100	20191117
sal6	0	20191122
sal6	100	20191125
sal6	0	20191107
sal6	100	20191110
sal6	0	20191128
sal6	0	20191101
sal6	0	20191103
sal6	0	20191115
sal6	0	20191116
sal6	0	20191119
sal6	0	20191120
sal6	300	20191121
sal6	0	20191123
sal6	200	20191127
sal6	0	20191130
sal6	100	20191105
sal6	1000	20191113
sal6	0	20191124
sal6	0	20191114
sal6	20	20191106
sal7	200	20191127
sal7	0	20191129
sal7	0	20191102
sal7	0	20191103
sal7	100	20191101
sal7	0	20191104
sal7	20	20191106
sal7	0	20191109
sal7	100	20191110
sal7	0	20191112
sal7	0	20191124
sal7	0	20191128
sal7	0	20191116
sal7	2300	20191121
sal7	500	20191125
sal7	1000	20191130
sal7	0	20191113
sal7	1000	20191115
sal7	1000	20191111
sal7	1000	20191114
sal7	100	20191119
sal7	0	20191120
sal7	2000	20191123
sal7	0	20191126
sal7	1000	20191117
sal7	1000	20191105
sal7	0	20191107
sal7	1300	20191108
sal7	1100	20191118
sal7	2000	20191122
sal9	0	20191107
see0	500	20191125
see10	1000	20191104
see10	100	20191119
see10	0	20191120
see10	2000	20191122
see10	500	20191125
see13	0	20191102
see13	100	20191105
see13	20	20191106
see13	1000	20191112
see13	100	20191118
see13	0	20191119
see13	100	20191125
see13	0	20191115
see14	0	20191114
see14	200	20191127
see14	0	20191126
see14	0	20191107
see14	100	20191118
see14	0	20191101
see14	0	20191120
see15	1000	20191108
see15	0	20191118
see15	0	20191103
see15	0	20191115
see15	1000	20191117
see15	0	20191120
see15	0	20191109
see16	100	20191106
see16	0	20191103
see16	300	20191104
see16	100	20191107
see17	100	20191106
see17	0	20191103
see17	300	20191104
see17	0	20191110
see17	100	20191119
see17	0	20191128
see18	500	20191111
see18	0	20191114
see18	100	20191130
see18	0	20191103
see18	100	20191117
see18	0	20191127
see19	100	20191105
see19	0	20191108
see19	0	20191109
see19	100	20191110
see19	0	20191111
see19	0	20191113
see19	0	20191115
see19	0	20191116
see19	0	20191118
see19	0	20191127
see19	0	20191128
see19	10	20191130
see19	0	20191126
see2	0	20191125
see20	0	20191116
see21	0	20191121
see21	0	20191126
see21	0	20191103
see21	10	20191129
see21	0	20191125
see21	0	20191110
see22	0	20191125
see23	23	20191107
see23	30	20191123
see23	0	20191125
see23	1	20191127
see23	0	20191129
see24	0	20191103
see25	0	20191102
see25	0	20191116
see25	15	20191120
see25	3	20191110
see25	8	20191124
see25	9	20191101
see25	1	20191113
see25	8	20191126
see25	1	20191127
see25	0	20191129
see25	0	20191128
see25	0	20191103
see27	0	20191103
see27	23	20191107
see27	0	20191124
see27	0	20191127
see3	0	20191102
see3	0	20191114
see3	0	20191119
see3	5	20191120
see3	0	20191126
see3	0	20191130
see3	0	20191127
see4	0	20191130
see5	0	20191130
see6	0	20191123
see6	2	20191104
see6	5	20191120
see7	0	20191123
see7	0	20191127
see7	0	20191125
see7	0	20191114
see7	30	20191120
see7	0	20191129
see7	0	20191102
see8	0	20191101
see8	0	20191125
see8	0	20191103
see8	0	20191127
see9	0	20191112
see9	0	20191110
see9	0	20191116
sto0	0	20191102
sto0	50	20191106
sto0	50	20191109
sto0	50	20191112
sto0	50	20191115
sto0	50	20191116
sto0	150	20191117
sto0	50	20191126
sto0	0	20191128
sto0	0	20191129
sto1	0	20191101
sto1	0	20191102
sto1	120	20191103
sto1	50	20191104
sto1	50	20191107
sto1	0	20191108
sto1	50	20191109
sto1	0	20191111
sto1	50	20191112
sto1	100	20191114
sto1	150	20191117
sto1	50	20191118
sto1	0	20191119
sto1	0	20191120
sto1	0	20191122
sto1	0	20191124
sto1	10	20191125
sto1	0	20191126
sto1	0	20191128
sto1	0	20191129
sto10	10	20191101
sto10	0	20191102
sto10	50	20191103
sto10	60	20191104
sto10	10	20191105
sto10	0	20191106
sto10	2	20191107
sto10	0	20191108
sto10	0	20191109
sto10	0	20191110
sto10	0	20191111
sto10	0	20191112
sto10	0	20191113
sto10	0	20191114
sto10	0	20191115
sto10	0	20191116
sto10	15	20191117
sto10	18	20191118
sto10	10	20191119
sto10	8	20191120
sto10	0	20191121
sto10	0	20191122
sto10	0	20191123
sto10	0	20191124
sto10	10	20191125
sto10	0	20191126
sto10	0	20191127
sto10	20	20191128
sto10	0	20191129
sto11	0	20191102
sto11	0	20191104
sto11	0	20191108
sto11	0	20191112
sto11	0	20191113
sto11	0	20191116
sto11	0	20191117
sto11	0	20191118
sto11	15	20191119
sto11	15	20191120
sto11	0	20191124
sto11	0	20191125
sto11	0	20191126
sto11	50	20191127
sto11	0	20191129
sto11	0	20191105
sto11	0	20191121
sto12	10	20191101
sto12	10	20191102
sto12	14	20191103
sto12	31	20191104
sto12	0	20191105
sto12	8	20191107
sto12	0	20191108
sto12	0	20191109
sto12	0	20191110
sto12	0	20191111
sto12	1	20191112
sto12	30	20191113
sto12	2	20191114
sto12	1	20191115
sto12	0	20191116
sto12	12	20191117
sto12	10	20191118
sto12	18	20191119
sto12	10	20191120
sto12	3	20191121
sto12	11	20191122
sto12	9	20191124
sto12	0	20191125
sto12	10	20191126
sto12	0	20191127
sto12	25	20191128
sto12	13	20191129
sto12	10	20191130
sto13	40	20191101
sto13	0	20191102
sto13	12	20191103
sto13	122	20191104
sto13	25	20191105
sto13	1	20191106
sto13	19	20191107
sto13	35	20191108
sto13	1	20191109
sto13	17	20191110
sto13	6	20191111
sto13	1	20191112
sto13	30	20191113
sto13	2	20191114
sto13	1	20191115
sto13	0	20191116
sto13	12	20191117
sto13	10	20191118
sto13	18	20191119
sto13	10	20191120
sto13	3	20191121
sto13	11	20191122
sto13	12	20191123
sto13	9	20191124
sto13	0	20191125
sto13	0	20191126
sto13	1	20191127
sto13	11	20191128
sto13	11	20191129
sto13	1	20191130
sto14	16	20191101
sto14	10	20191102
sto14	0	20191103
sto14	4	20191104
sto14	21	20191105
sto14	0	20191106
sto14	17	20191107
sto14	12	20191108
sto14	3	20191109
sto14	10	20191110
sto14	11	20191111
sto14	0	20191112
sto14	25	20191113
sto14	4	20191114
sto14	2	20191115
sto14	2	20191116
sto14	2	20191117
sto14	8	20191118
sto14	15	20191119
sto14	0	20191120
sto14	26	20191121
sto14	9	20191122
sto14	3	20191123
sto14	3	20191124
sto14	0	20191125
sto14	0	20191126
sto14	1	20191127
sto14	11	20191128
sto14	11	20191129
sto14	1	20191130
sto15	16	20191101
sto15	10	20191102
sto15	0	20191103
sto15	0	20191106
sto15	17	20191107
sto15	0	20191108
sto15	7	20191109
sto15	13	20191110
sto15	2	20191111
sto15	5	20191112
sto15	1	20191113
sto15	0	20191114
sto15	26	20191116
sto15	0	20191117
sto15	10	20191118
sto15	6	20191119
sto15	10	20191120
sto15	5	20191121
sto15	19	20191122
sto15	25	20191123
sto15	17	20191124
sto15	6	20191125
sto15	8	20191126
sto15	6	20191127
sto15	0	20191128
sto15	15	20191129
sto15	8	20191130
sto16	10	20191101
sto16	4	20191102
sto16	18	20191103
sto16	10	20191104
sto16	16	20191105
sto16	0	20191106
sto16	19	20191107
sto16	0	20191108
sto16	7	20191109
sto16	13	20191110
sto16	2	20191111
sto16	5	20191112
sto16	1	20191113
sto16	0	20191114
sto16	1	20191115
sto16	26	20191116
sto16	0	20191117
sto16	10	20191118
sto16	6	20191119
sto16	845	20191120
sto16	760	20191121
sto16	495	20191122
sto16	635	20191123
sto16	980	20191124
sto16	585	20191125
sto16	425	20191126
sto16	1265	20191127
sto16	455	20191128
sto16	375	20191129
sto16	480	20191130
sto17	795	20191113
sto18	555	20191110
sto18	495	20191119
sto18	760	20191121
sto18	800	20191105
sto18	675	20191118
sto19	555	20191102
sto19	675	20191118
sto19	425	20191126
sto19	375	20191129
sto19	490	20191108
sto2	460	20191101
sto2	555	20191102
sto2	1290	20191103
sto2	1140	20191104
sto2	355	20191107
sto2	375	20191109
sto2	555	20191110
sto2	465	20191115
sto2	690	20191116
sto2	1140	20191117
sto2	675	20191118
sto2	495	20191119
sto2	845	20191120
sto2	760	20191121
sto2	635	20191123
sto2	585	20191125
sto2	425	20191126
sto2	1265	20191127
sto2	455	20191128
sto2	375	20191129
sto2	480	20191130
sto21	375	20191129
sto22	555	20191110
sto22	495	20191119
sto22	760	20191121
sto22	800	20191105
sto22	675	20191118
sto23	465	20191115
sto23	675	20191118
sto24	455	20191128
sto24	675	20191118
sto25	585	20191125
sto25	1140	20191104
sto27	980	20191124
sto3	460	20191101
sto3	1140	20191104
sto3	800	20191105
sto3	615	20191106
sto3	490	20191108
sto3	375	20191109
sto3	555	20191110
sto3	1230	20191112
sto3	795	20191113
sto3	735	20191114
sto3	465	20191115
sto3	690	20191116
sto3	1140	20191117
sto3	675	20191118
sto3	495	20191119
sto3	845	20191120
sto3	495	20191122
sto3	635	20191123
sto3	980	20191124
sto3	585	20191125
sto3	425	20191126
sto3	1265	20191127
sto3	455	20191128
sto4	460	20191101
sto4	555	20191102
sto4	1290	20191103
sto4	1140	20191104
sto4	800	20191105
sto4	615	20191106
sto4	355	20191107
sto4	490	20191108
sto4	375	20191109
sto4	555	20191110
sto4	605	20191111
sto4	1230	20191112
sto4	795	20191113
sto4	735	20191114
sto4	465	20191115
sto4	690	20191116
sto4	1140	20191117
sto4	675	20191118
sto4	495	20191119
sto4	845	20191120
sto4	760	20191121
sto4	495	20191122
sto4	635	20191123
sto4	980	20191124
sto4	585	20191125
sto4	425	20191126
sto4	1265	20191127
sto4	455	20191128
sto4	375	20191129
sto4	480	20191130
sto45	1290	20191103
sto45	800	20191105
sto45	555	20191110
sto45	735	20191114
sto45	675	20191118
sto45	760	20191121
sto45	980	20191124
sto45	1265	20191127
sto45	455	20191128
sto45	375	20191129
sto47	675	20191118
sto5	460	20191101
sto5	555	20191102
sto5	1290	20191103
sto5	1140	20191104
sto5	800	20191105
sto5	615	20191106
sto5	355	20191107
sto5	490	20191108
sto5	375	20191109
sto5	555	20191110
sto5	605	20191111
sto5	1230	20191112
sto5	795	20191113
sto5	735	20191114
sto5	465	20191115
sto5	690	20191116
sto5	1140	20191117
sto5	675	20191118
sto5	495	20191119
sto5	845	20191120
sto5	760	20191121
sto5	495	20191122
sto5	635	20191123
sto5	980	20191124
sto5	585	20191125
sto5	425	20191126
sto5	1265	20191127
sto5	455	20191128
sto5	375	20191129
sto5	480	20191130
sto6	460	20191101
sto6	555	20191102
sto6	1290	20191103
sto6	1140	20191104
sto6	800	20191105
sto6	615	20191106
sto6	355	20191107
sto6	490	20191108
sto6	375	20191109
sto6	555	20191110
sto6	605	20191111
sto6	1230	20191112
sto6	795	20191113
sto6	735	20191114
sto6	465	20191115
sto6	690	20191116
sto6	1	20191117
sto6	0	20191118
sto6	0	20191119
sto6	48	20191120
sto6	111	20191121
sto6	114	20191122
sto6	72	20191123
sto6	149	20191124
sto6	126	20191125
sto6	48	20191126
sto6	80	20191127
sto6	99	20191128
sto6	90	20191129
sto6	93	20191130
sto7	12	20191101
sto7	88	20191102
sto7	74	20191103
sto7	81	20191104
sto7	60	20191105
sto7	150	20191106
sto7	60	20191107
sto7	54	20191108
sto7	57	20191109
sto7	81	20191110
sto7	72	20191111
sto7	129	20191112
sto7	72	20191113
sto7	82	20191114
sto7	78	20191115
sto7	84	20191116
sto7	120	20191117
sto7	90	20191118
sto7	90	20191119
sto7	48	20191120
sto7	111	20191121
sto7	114	20191122
sto7	72	20191123
sto7	149	20191124
sto7	126	20191125
sto7	48	20191126
sto7	80	20191127
sto7	99	20191128
sto7	90	20191129
sto7	93	20191130
sto8	12	20191101
sto8	88	20191102
sto8	74	20191103
sto8	81	20191104
sto8	60	20191105
sto8	150	20191106
sto8	60	20191107
sto8	54	20191108
sto8	57	20191109
sto8	81	20191110
sto8	72	20191111
sto8	129	20191112
sto8	72	20191113
sto8	82	20191114
sto8	78	20191115
sto8	84	20191116
sto8	120	20191117
sto8	90	20191118
sto8	90	20191119
sto8	48	20191120
sto8	111	20191121
sto8	114	20191122
sto8	72	20191123
sto8	149	20191124
sto8	126	20191125
sto8	48	20191126
sto8	80	20191127
sto8	99	20191128
sto8	90	20191129
sto8	0	20191130
sto9	0	20191101
sto9	0	20191102
sto9	0	20191103
sto9	2	20191104
sto9	0	20191105
sto9	0	20191106
sto9	0	20191107
sto9	0	20191108
sto9	10	20191109
sto9	0	20191110
sto9	0	20191111
sto9	4	20191112
sto9	0	20191113
sto9	0	20191114
sto9	0	20191115
sto9	0	20191116
sto9	0	20191117
sto9	0	20191118
sto9	0	20191119
sto9	0	20191120
sto9	0	20191121
sto9	11	20191122
sto9	0	20191124
sto9	2	20191125
sto9	0	20191126
sto9	2	20191127
sto9	0	20191128
sto9	1	20191129
sto9	0	20191130
sup0	0	20191114
sup10	1	20191115
sup10	2	20191104
sup10	3	20191107
sup10	0	20191114
sup10	0	20191120
sup10	4	20191103
sup10	0	20191111
sup10	11	20191122
sup10	2	20191101
sup10	6	20191102
sup10	8	20191105
sup10	5	20191106
sup10	5	20191110
sup10	4	20191113
sup10	1	20191117
sup10	2	20191118
sup10	1	20191119
sup10	0	20191121
sup10	0	20191123
sup10	1	20191124
sup10	5	20191129
sup10	0	20191130
sup10	1	20191125
sup10	0	20191109
sup10	0	20191112
sup11	2	20191102
sup11	0	20191109
sup11	8	20191105
sup11	4	20191113
sup11	0	20191101
sup11	0	20191104
sup11	0	20191106
sup11	0	20191108
sup11	0	20191110
sup11	1	20191121
sup11	0	20191122
sup11	0	20191124
sup11	0	20191125
sup11	0	20191127
sup11	345	20191130
sup11	300	20191103
sup11	150	20191111
sup11	360	20191112
sup11	525	20191115
sup11	315	20191116
sup11	495	20191119
sup11	495	20191123
sup11	135	20191114
sup12	495	20191119
sup12	300	20191103
sup12	90	20191110
sup12	480	20191129
sup14	330	20191125
sup14	495	20191123
sup14	465	20191120
sup14	270	20191117
sup14	150	20191102
sup14	225	20191107
sup14	90	20191110
sup14	360	20191112
sup14	240	20191113
sup14	960	20191118
sup14	300	20191122
sup14	390	20191126
sup14	345	20191130
sup14	195	20191121
sup14	495	20191124
sup14	525	20191115
sup14	450	20191128
sup14	225	20191101
sup14	150	20191111
sup15	360	20191112
sup15	465	20191120
sup15	465	20191105
sup15	225	20191107
sup15	195	20191121
sup15	390	20191126
sup15	450	20191128
sup15	480	20191129
sup15	330	20191125
sup15	240	20191113
sup15	270	20191117
sup15	960	20191118
sup15	780	20191106
sup15	315	20191116
sup15	450	20191127
sup15	225	20191101
sup15	675	20191109
sup15	150	20191111
sup15	495	20191119
sup16	675	20191109
sup16	465	20191105
sup16	450	20191127
sup16	300	20191103
sup17	90	20191110
sup17	345	20191130
sup17	465	20191105
sup17	390	20191126
sup17	780	20191106
sup17	300	20191122
sup18	495	20191124
sup18	225	20191101
sup18	150	20191102
sup18	780	20191106
sup18	225	20191107
sup18	90	20191110
sup18	360	20191112
sup18	240	20191113
sup18	270	20191117
sup18	960	20191118
sup18	390	20191126
sup18	450	20191127
sup18	465	20191120
sup19	555	20191104
sup19	315	20191116
sup19	960	20191118
sup19	480	20191129
sup2	465	20191105
sup2	195	20191121
sup2	300	20191122
sup2	555	20191104
sup2	780	20191106
sup2	150	20191111
sup2	315	20191116
sup2	270	20191117
sup2	960	20191118
sup2	495	20191119
sup2	480	20191129
sup20	675	20191109
sup20	495	20191119
sup20	225	20191101
sup20	150	20191102
sup20	300	20191103
sup20	90	20191110
sup20	150	20191111
sup20	135	20191114
sup20	960	20191118
sup20	465	20191120
sup20	330	20191125
sup20	390	20191126
sup20	345	20191130
sup20	315	20191116
sup20	270	20191117
sup20	450	20191128
sup20	300	20191122
sup23	240	20191113
sup27	465	20191120
sup28	495	20191123
sup30	195	20191121
sup31	525	20191115
sup32	150	20191111
sup32	330	20191125
sup32	212	20191130
sup32	352	20191124
sup32	171	20191116
sup33	134	20191101
sup33	266	20191105
sup33	238	20191107
sup33	291	20191112
sup33	122	20191113
sup33	138	20191114
sup33	100	20191115
sup33	171	20191116
sup33	213	20191122
sup33	148	20191123
sup34	172	20191127
sup34	221	20191103
sup34	529	20191108
sup34	240	20191118
sup35	201	20191110
sup35	122	20191113
sup35	195	20191111
sup35	138	20191114
sup5	171	20191116
sup5	240	20191118
sup5	154	20191129
sup6	195	20191111
sup6	352	20191124
sup6	154	20191129
sup7	225	20191125
sup7	266	20191105
sup7	170	20191126
sup7	189	20191102
sup7	201	20191110
sup7	291	20191112
sup7	240	20191118
sup7	213	20191122
sup7	172	20191127
sup7	212	20191130
sup7	298	20191106
sup7	352	20191124
sup7	100	20191115
sup7	163	20191128
sup9	241	20191104
sup9	211	20191109
sup9	201	20191110
sup9	146	20191117
sup9	289	20191119
sup9	300	20191121
sup9	134	20191101
sup9	221	20191103
sup9	266	20191105
sup9	238	20191107
sup9	291	20191112
sup9	100	20191115
sup9	171	20191116
sup9	222	20191120
sup9	213	20191122
sup9	225	20191125
sup9	170	20191126
sup9	298	20191106
tra0	212	20191130
tra0	170	20191126
tra0	134	20191101
tra0	189	20191102
tra0	221	20191103
tra0	298	20191106
tra0	238	20191107
tra0	529	20191108
tra0	211	20191109
tra0	201	20191110
tra0	195	20191111
tra0	291	20191112
tra0	138	20191114
tra0	146	20191117
tra0	289	20191119
tra0	222	20191120
tra0	225	20191125
tra0	163	20191128
tra0	266	20191105
tra0	352	20191124
tra1	154	20191129
tra1	529	20191108
tra1	146	20191117
tra1	163	20191128
tra1	298	20191106
tra1	172	20191127
tra1	134	20191101
tra1	266	20191105
tra1	201	20191110
tra1	122	20191113
tra1	222	20191120
tra1	100	20191115
tra1	300	20191121
tra2	211	20191109
tra2	266	20191105
tra3	221	20191103
tra3	298	20191106
tra3	195	20191111
tra3	291	20191112
wee0	134	20191101
wee0	189	20191102
wee0	221	20191103
wee0	241	20191104
wee0	266	20191105
wee0	298	20191106
wee0	238	20191107
wee0	529	20191108
wee0	211	20191109
wee0	201	20191110
wee0	195	20191111
wee0	291	20191112
wee0	122	20191113
wee0	138	20191114
wee0	100	20191115
wee0	171	20191116
wee0	146	20191117
wee0	240	20191118
wee0	289	20191119
wee0	222	20191120
wee0	300	20191121
wee0	213	20191122
wee0	148	20191123
wee0	352	20191124
wee0	225	20191125
wee0	170	20191126
wee0	172	20191127
wee0	163	20191128
wee0	154	20191129
wee0	212	20191130
wee2	289	20191119
wee2	195	20191111
wee2	189	20191102
wee2	291	20191112
wee2	170	20191126
wee2	529	20191108
wee2	201	20191110
wee2	240	20191118
wee2	134	20191101
wee2	300	20191121
wee2	266	20191105
wee2	154	20191129
wee2	238	20191107
wee2	122	20191113
wee2	138	20191114
wee2	146	20191117
wee2	148	20191123
wee2	172	20191127
wee2	163	20191128
wee4	170	20191126
wee4	172	20191127
wee4	291	20191112
wee4	213	20191122
wee5	134	20191101
wee5	189	20191102
wee5	221	20191103
wee5	241	20191104
wee5	266	20191105
wee5	298	20191106
wee5	238	20191107
wee5	529	20191108
wee5	211	20191109
wee5	201	20191110
wee5	195	20191111
wee5	291	20191112
wee5	122	20191113
wee5	138	20191114
wee5	100	20191115
wee5	171	20191116
wee5	146	20191117
wee5	240	20191118
wee5	289	20191119
wee5	222	20191120
wee5	300	20191121
wee5	213	20191122
wee5	148	20191123
wee5	352	20191124
wee5	225	20191125
wee5	170	20191126
wee5	172	20191127
wee5	163	20191128
wee5	154	20191129
wee5	212	20191130
wee7	189	20191102
wee7	221	20191103
wee7	241	20191104
wee7	266	20191105
wee7	298	20191106
wee7	238	20191107
wee7	211	20191109
wee7	201	20191110
wee7	195	20191111
wee7	291	20191112
wee7	122	20191113
wee7	138	20191114
wee7	171	20191116
wee7	240	20191118
wee7	289	20191119
wee7	148	20191123
wee7	352	20191124
wee7	225	20191125
wee7	172	20191127
wee7	154	20191129
wee7	212	20191130
wor0	352	20191124
wor0	134	20191101
wor0	122	20191113
wor0	222	20191120
wor3	266	20191105
wor3	298	20191106
wor3	238	20191107
wor3	529	20191108
wor3	211	20191109
wor3	201	20191110
wor3	195	20191111
wor3	291	20191112
wor3	122	20191113
wor3	171	20191116
wor3	146	20191117
wor3	1558	20191118
wor3	1001	20191121
wor3	859	20191122
wor3	1094	20191123
wor3	1306	20191124
wor3	1564	20191125
wor3	1389	20191129
wor3	1154	20191130
wor3	1253	20191101
wor3	778	20191102
wor3	1208	20191114
wor3	1188	20191115
wor3	1325	20191119
wor3	1505	20191126
wor3	1038	20191127
wor3	1570	20191128
wor3	1516	20191104
wor3	972	20191120
wor3	1311	20191103
