Product,key,qty,order number,delivery number,delivery date,placed date,new shelfs
5ltr Storage Bucket 1051008,sto13,1800,0,0,11/12/2020,07/12/2020,"B-1-2, B-1-3"
30ltr Storage Bucket PABO30WHAHA,sto16,600,0,12345 TESTE,11/12/2020,08/12/2020,
Dead Sea - Bath Extra Magnesium (coarse) DBC0025,sal3,2100,0,Internal,14/12/2020,08/12/2020,
Dead Sea Salt 0.8-5mm Food Grade PMG0025 Purple bag,sal2,2450,0,Internal,14/12/2020,08/12/2020,
Green Netting 10m x 100m PN31001,net4,700,0,TIN69237,16/12/2020,04/12/2020,
Poly Pot - 5ltr,pot27,1600,5,SO0017644/1,11/02/2021,04/02/2021,
Poly Pot- 10L,pot30,1200,5,SO0017644/1,11/02/2021,04/02/2021,
Poly Pot- 36L,pot34,400,5,SO0017644/1,11/02/2021,04/02/2021,
Poly Pot- 4L,pot26,2000,5,SO0017644/1,11/02/2021,04/02/2021,
Poly Pot- 17L HP15,pot33,800,5,SO0017644/1,11/02/2021,04/02/2021,
Capillary matting 100cm ICM10,irr1,1150,5,5,05/03/2021,04/02/2021,
13cm Thermoformed Black pot VCH13B,pot47,9720,5,SO0017501/1,11/02/2021,04/02/2021,
Black Saucer 45cm DKS45B,pot97,200,5,SO0016744,11/02/2021,04/02/2021,
Terracotta Pot 13cm 13F,pot38,2772,5,SO0016744,11/02/2021,15/02/2021,
Terracotta Pot 19cm 19F,pot40,250,5,SO0018048,19/02/2021,15/02/2021,
Terracotta Pot 23cm 23F,pot42,450,5,SO0016744,11/02/2021,11/02/2021,
Terracotta Plant Pot 26cm 26F,pot43,1050,5,SO0016744,11/02/2021,11/02/2021,
Terracotta Pot 21cm 21F,pot41,420,5,SO0016744,11/02/2021,11/02/2021,
Poly Pot- 1L,pot24,10000,5,SO0016744,11/02/2021,11/02/2021,
Poly Pot- 1.5L,pot32,7000,5,SO0016744,11/02/2021,11/02/2021,
Poly Pot - 3ltr,pot95,1250,5,SO0016744,11/02/2021,11/02/2021,
Poly Pot- 8L,pot29,700,5,SO0016744,11/02/2021,11/02/2021,
Large Pot with handles - 30L LTR30,pot93,1200,5,SO0017644,11/02/2021,11/02/2021,
Super Soft Rubber Ties - 24 inch TP60,sup31,600,6,17548,10/02/2021,04/02/2021,
White T Label 15cm SL135,lab43,5000,6,17548,10/02/2021,04/02/2021,
Tree Tie 9 inch TP225,sup7,10000,6,17548,10/02/2021,04/02/2021,
4 inch White Stick in Label L4,lab33,300000,6,17548,10/02/2021,04/02/2021,
18mm Peat Pellet 70000074,jif17,50000,7,SP-026627,25/02/2021,04/02/2021,
35mm Coir Pellet 63100030,jif13,23100,7,SP-026627,25/02/2021,04/02/2021,
41mm Peat Pellet 32170138,jif20,20000,7,SP-026627,25/02/2021,04/02/2021,
44mm Peat Pellet 32170142,jif21,20000,7,SP-026627,25/02/2021,04/02/2021,
50mm x 50mm Grow Block 60505000,jif15,2040,7,SP-026627,25/02/2021,04/02/2021,
9cm x 10cm Peat Square 70000461,jif6,5600,7,SP-026627,25/02/2021,04/02/2021,
6cm x 6cm Round Coco 30812200,jif1,15552,7,SP-026627,25/02/2021,10/02/2021,
30mm Coir Pellet 67100025,jif12,30720,7,SP-026627,25/02/2021,10/02/2021,
24mm Peat Pellet 31122124,jif18,40000,7,SP-026627,25/02/2021,11/02/2021,
Raised Grow Bed G94MO,acc21,1,8,8980,24/02/2021,05/02/2021,
Green Full Size Seed Tray G17G,see15,25,8,8980,24/02/2021,05/02/2021,
Standard Grow bag Tray G182B,see25,560,8,76261,17/02/2021,05/02/2021,
Green Half Size Seed Tray G18G,see21,500,8,76062,24/02/2021,05/02/2021,
Black Half Size Seed Tray G18B,see20,500,8,76062,24/02/2021,05/02/2021,
Black Full Size Seed Tray G17B,see14,1300,8,76062,24/02/2021,05/02/2021,
Standard Grow bag Tray G182B,see25,280,8,76062,24/02/2021,24/02/2021,
15ltr Storage Bucket 1150021,sto15,924,11,37854,04/03/2021,05/02/2021,
3MMX30X9MTR Anti-Hotspot tape 30mm RAS76152,pol22,20,12,ORD0283163,09/02/2021,05/02/2021,
3MMX20X9MTR Anti-Hotspot tape 20mm RAS76152,pol21,900,12,ORD0283163,09/02/2021,09/02/2021,
3MMX40X9MTR Anti-Hotspot Tape 40mm RAS76152,pol23,210,12,ORD0283163,09/02/2021,09/02/2021,
3MMX50X9MTR Anti-Hotspot tape 50mm RAS76152,pol24,36,12,ORD0283163,09/02/2021,09/02/2021,
16kg Lawn Sand 20400319,fer56,168,13,C053673887,09/02/2021,05/02/2021,
Dead Sea Salt 0.8-5mm Food Grade PMG0025 Purple bag,sal2,1225,14,S545686,17/02/2021,05/02/2021,
Mulch Ground Cover 1m x 100m,gro6,5000,15,TSO90838,15/02/2021,08/02/2021,
Bone Meal 3.5-18-0,fer9,10000,16,8941,18/02/2021,08/02/2021,
Fish Blood & Bone 5-5-6 EL4619P,fer0,6000,16,8941,18/02/2021,18/02/2021,
Poultry Manure Pelleted 4-3-2,fer12,10000,16,8941,18/02/2021,18/02/2021,
Compost Activator,fer10,2000,16,8941,18/02/2021,18/02/2021,
Plant Support Tree Guards Clear 24 inch,sup39,10000,19,,08/03/2021,08/02/2021,
Tree Guards Brown 24 inch,sup15,10000,19,28870,17/03/2021,08/02/2021,
Tree Guards Brown 18 inch,sup14,10000,19,28870,12/03/2021,08/03/2021,
Plant Support Tree Guards Clear 18 inch,sup38,10000,19,28870,16/03/2021,08/03/2021,
Full Size 24 cell pack SV24,see9,1200,21,4775,15/02/2021,09/02/2021,
Full Size 40 Cell Pack SV40,see10,2200,21,4775,15/02/2021,09/02/2021,
Half Size 6 Cell Pack HSP6,see3,5200,21,4775,15/02/2021,09/02/2021,
Square Pot - 0.75L 9cm HS9910,pot91,48000,21,4775,15/02/2021,09/02/2021,
Full Size 60 Cell Pack SV60,see12,1500,21,4775,15/02/2021,09/02/2021,
Full Size Lids HSPLFS,see16,1200,21,4775,15/02/2021,09/02/2021,
Gravel Trays HFSTHW,see27,1500,21,4775,15/02/2021,09/02/2021,
Half Size Seed Tray HHST,see23,3000,21,4775,15/02/2021,09/02/2021,
Square Pot - 0.25L 7cm HS778,pot89,9000,21,4775,15/02/2021,09/02/2021,
50 Cell Seed Tray,see11,2800,21,4775,15/02/2021,09/02/2021,
HFST Full Size Seed Tray,see17,6000,21,4775,16/02/2021,09/02/2021,
Half Size 12 cell pack HSP12,see7,2000,21,4775,15/02/2021,09/02/2021,
Half Size 20 cell pack HSP20,see8,1200,21,4775,15/02/2021,09/02/2021,
Half Size 4 Cell Pack HSP4,see0,400,21,4775,15/02/2021,09/02/2021,
Half Size 9 cell pack HSP9,see6,2000,21,4775,15/02/2021,09/02/2021,
SV4 Strip Insert 4 cells,see1,250,21,4775,15/02/2021,09/02/2021,
Strip Insert 5 cells,see2,500,21,4775,15/02/2021,09/02/2021,
Trolly Selling Pack 6 cell HSTP6,see4,3750,21,4775,15/02/2021,09/02/2021,
Trolly Selling Pack 8 cell HSTP8,see5,1500,21,4775,15/02/2021,09/02/2021,
7cm Square carry tray HS7S15,pot44,450,21,SO0017644,24/02/2021,17/02/2021,
Half Size 6 Cell Pack HSP6,see3,800,21,4775,16/02/2021,09/02/2021,
Square Pot - 0.25L 7cm HS778,pot89,45000,21,4775,16/02/2021,09/02/2021,
10ltr Storage Bucket 1113002,sto14,3120,22,393429,09/02/2021,09/02/2021,
5ltr Storage Bucket 1051008,sto13,3700,22,393429,09/02/2021,09/02/2021,
Bamboo Cane 10ft,bam7,500,24,SO0017644,11/02/2021,09/02/2021,
Basket Liner (16 inch) JL16E,han2,100,24,,16/02/2021,09/02/2021,
Capillary matting 80cm ICM08,irr0,1250,24,24,05/03/2021,09/02/2021,
Black Round pot 4L DK4.0L,pot72,6580,24,SO0018028,15/02/2021,18/02/2021,
Clear Polythene 2m 1000g 225mu 50m 26989,pol6,12500,25,46899,24/02/2021,09/02/2021,
2m Wide Clear Heavy Duty Polythene Sheeting 500g 125mu - 100m,pol5,25000,25,46907,24/02/2021,24/02/2021,
Golden Gravel 10mm GG103,agg3,4000,26,218146,10/02/2021,09/02/2021,
Play Sand SPG3,agg1,168,26,218144,10/02/2021,09/02/2021,
Trent Pea Gravel 10mm TPG103,agg4,4000,26,218145,11/02/2021,09/02/2021,
Polytunnel Clips 40mm,pol13,1,27,50094,15/02/2021,09/02/2021,
Polytunnel Clips 35mm,pol12,1,27,50094,15/02/2021,09/02/2021,
Clear 7.3m x 100m Sunmaster,pol8,200,27,50094,15/02/2021,09/02/2021,
Deep Rootrainers RT010101,see19,504,28,TSO90896,18/02/2021,09/02/2021,
25kg Cardboard Box 490x360x190mm 716615/1/0,sto62,1705,29,19473,09/02/2021,09/02/2021,
White Rock Salt 20kg WMS3,agg12,2520,30,218149,11/02/2021,10/02/2021,
Brown Rock Salt 20kg RS3,agg11,1260,30,218149,11/02/2021,10/02/2021,
Envelope H5,sto31,1800,31,131104,11/02/2021,10/02/2021,
Packing bubble 1500 mm x 10mm x 100m,sto34,1000,31,131104,11/02/2021,10/02/2021,
Packing bubble 750mm x 10mm x 100m,sto37,1000,31,131104,11/02/2021,10/02/2021,
30ltr Storage Bucket PABO30WHAHA,sto16,79,32,SOP326084/002,11/02/2021,10/02/2021,
10ltr Storage Bucket 1113002,sto14,5544,33,37647,10/02/2021,10/02/2021,
5ltr Storage Bucket 1051008,sto13,3680,34,37603,05/02/2021,10/02/2021,
10ltr Storage Bucket 1113002,sto14,396,34,37603,05/02/2021,10/02/2021,
15ltr Storage Bucket 1150021,sto15,231,34,37603,05/02/2021,10/02/2021,
Butterfly Netting 2m GREXT11,net5,1500,37,TSO90962,15/02/2021,11/02/2021,
Butterfly Netting 4m GREXT12,net6,600,37,TSO90962,15/02/2021,11/02/2021,
Brown Rock Salt 20kg RS3,agg11,3780,38,218054,12/02/2021,11/02/2021,
White Rock Salt 20kg WMS3,agg12,3780,38,218053,11/02/2021,11/02/2021,
Tape Parcel,sto22,1800,40,131226,12/02/2021,11/02/2021,
Tape Parcel,sto22,4248,40,131226,01/03/2021,11/02/2021,
Raised Grow Bed G94MO,acc21,53,41,76190,08/03/2021,11/02/2021,
Plant Halos G167GM,pot13,288,41,76191,05/03/2021,11/02/2021,
Boot Tray Black G83B,tra2,200,41,76574,02/03/2021,11/03/2021,
Bag (15x20 inch) - 10kg,sto8,9600,42,,18/02/2021,12/02/2021,
Bag (12x18 inch) - 5kg,sto7,13000,42,,18/02/2021,12/02/2021,
Elixir Rock Dust,fer40,1000,43,84373,12/02/2021,12/02/2021,
Sodium Bicarbonate SB565,sal0,5250,44,1184367,15/02/2021,12/02/2021,
Round Wire Hanging Basket 12 inch WBR12,han4,36,45,,19/02/2021,12/02/2021,
Square Pot - 1L 11cm DK111112,pot84,24750,45,SO0018048,19/02/2021,12/02/2021,
Round Wire Hanging Basket 18 inch WBR18,han7,36,45,,19/02/2021,12/02/2021,
Basket Liner (18inch) JL18E,han3,100,45,,19/02/2021,19/02/2021,
Black Saucer 18cm,pot53,800,45,SO0018048,19/02/2021,19/02/2021,
Black Saucer 25cm DKS25B,pot114,500,45,SO0018048,19/02/2021,19/02/2021,
Black Round pot 3L DK3.0L,pot71,10260,45,SO0018048,19/02/2021,19/02/2021,
Poly Pot- 36L,pot34,250,45,SO0018048,19/02/2021,19/02/2021,
9cm Round carry tray,pot11,504,45,SO0018048,19/02/2021,19/02/2021,
Microdol Dolomite Lime 124984,fer16,1000,46,802278479,13/02/2021,12/02/2021,
Wild Bird Feed Sunflower Rich,bir2,2000,47,SO110357,23/02/2021,12/02/2021,
Dead Sea - Bath Extra Magnesium (coarse) DBC0025,sal3,1050,48,48,16/02/2021,12/02/2021,
Brown Rock Salt 20kg RS3,agg11,1260,49,217979,15/02/2021,15/02/2021,
Brown Rock Salt 20kg RS3,agg11,1260,50,217979,15/02/2021,15/02/2021,
Polytunnel Clips 40mm,pol13,999,51,Internal,15/02/2021,15/02/2021,
Polytunnel Clips 35mm,pol12,1,51,Internal,15/02/2021,15/02/2021,
Large Pot with handles - 130L LTR130,pot21,150,54,SO0017993,15/02/2021,15/02/2021,
24mm Peat Pellet 31122124,jif18,16000,54,SO0017993,15/02/2021,15/02/2021,
Plant Support Tree Guards Clear 24 inch,sup39,6000,54,,15/02/2021,15/02/2021,
Sweet Pea Gro Tubes GR1BP225SP,pot12,10000,55,8914,17/02/2021,16/02/2021,
Super Soft Rubber Ties - 24 inch TP60,sup31,1000,56,,19/02/2021,16/02/2021,
4 inch White Stick in Label L4,lab33,200000,56,,19/02/2021,16/02/2021,
White T Label 15cm SL135,lab43,5000,56,17585,25/02/2021,16/02/2021,
Angle Head Black - 19cm SL190BLACK,lab0,1000,56,17585,25/02/2021,16/02/2021,
BT60 24 inch Buckle Tree Tie Rainbow,sup33,1000,56,,19/02/2021,16/02/2021,
Angle Head White - 27.5cm SL275,lab4,250,56,17585,25/02/2021,16/02/2021,
Angle Head Black - 38cm SL400,lab6,250,56,17585,25/02/2021,16/02/2021,
Angle Head White - 38cm SL400,lab9,250,56,17585,25/02/2021,16/02/2021,
Green T Label SL300,lab52,1000,56,17585,25/02/2021,16/02/2021,
Yellow T Label SL300,lab55,1000,56,17585,25/02/2021,16/02/2021,
Black T label SL300,lab58,1000,56,17585,25/02/2021,16/02/2021,
Liquid Seaweed,fer45,2000,57,INV-0147,18/02/2021,16/02/2021,
Steel Chain 2.5mm x 30m 300-02519R0300ZP-1,acc19,690,58,1374918,19/02/2021,16/02/2021,
Steel Chain 3mm x 30m 300-03021R0300ZP-1,acc14,720,58,1374918,19/02/2021,16/02/2021,
Steel Chain 4mm x 30m 300-04026R0300ZP-1,acc15,660,58,1374918,19/02/2021,16/02/2021,
Steel Chain 6mm x 15m 300-06033R0150ZP-1,acc17,105,58,1374918,19/02/2021,16/02/2021,
Steel Chain 8mm x 10m 300-08042R0100ZP-1,acc18,170,58,1374918,19/02/2021,16/02/2021,
Mole Traps - Scissor,pes18,360,59,ETH0025088,22/02/2021,16/02/2021,
Mole Traps - Tunnel,pes19,360,59,ETH0025088,22/02/2021,16/02/2021,
2ltr Gallup Home & garden CG020,wee0,5280,60,SO0017435,17/02/2021,17/02/2021,
Citric Acid,sal1,3300,61,131185,22/02/2021,17/02/2021,
60L Blacksmith G08LBS,pot3,100,62,TS316484,17/02/2021,17/02/2021,
1022 20kg 10-2-2 Spring/Summer Complete Lawn,fer17,26000,63,6822,18/02/2021,18/02/2021,
Growmore 7-7-7 F2477,fer3,1125,64,200039,02/03/2021,18/02/2021,
Granular Sulphate of Potash,fer25,1125,64,200039,02/03/2021,18/02/2021,
15-9-20 Progrower Base Fertiliser 4318,fer44,0,64,200039,02/03/2021,18/02/2021,
Garden Lime 4379,fer24,1125,64,200039,02/03/2021,18/02/2021,
16kg Lawn Sand 20400319,fer56,168,65,190221,01/03/2021,19/02/2021,
Terracotta Pot 23cm 23F,pot42,540,66,SO0018226,24/02/2021,19/02/2021,
Black Saucer 45cm DKS45B,pot97,500,66,SO0018226,24/02/2021,19/02/2021,
Large Pot with handles - 30L LTR30,pot93,450,66,SO0018226/SO0018309,24/02/2021,19/02/2021,
Large Pot with handles - 110L LTR110,pot20,180,66,SO0018226,24/02/2021,19/02/2021,
Black Round pot 25L DK25.0L,pot79,870,66,SO0018226,24/02/2021,19/02/2021,
EZBAITER-SINGLE EZ Baiter,pes7,240,67,DNA12386,26/02/2021,19/02/2021,
PYRETHRUM 5EC 250ml Organic Insecticide,pes20,40,67,67,08/03/2021,19/02/2021,
Premium Hard-Wearing Grass Seed,fer60,4000,69,SO570991,04/03/2021,19/02/2021,
Bamboo Cane 10ft,bam7,200,70,SO0017644,19/02/2021,19/02/2021,
Full Size 24 cell pack SV24,see9,1200,71,71,04/03/2021,22/02/2021,
Half Size 6 Cell Pack HSP6,see3,4400,71,71,04/03/2021,22/02/2021,
Square Pot - 0.75L 9cm HS9910,pot91,48000,71,71,04/03/2021,22/02/2021,
Full Size 60 Cell Pack SV60,see12,1500,71,71,04/03/2021,22/02/2021,
Full Size Lids HSPLFS,see16,1200,71,71,04/03/2021,22/02/2021,
Half Size Seed Tray HHST,see23,3000,71,71,04/03/2021,22/02/2021,
Square Pot - 0.25L 7cm HS778,pot89,54000,71,71,04/03/2021,22/02/2021,
50 Cell Seed Tray,see11,2800,71,71,04/03/2021,22/02/2021,
HFST Full Size Seed Tray,see17,4600,71,71,04/03/2021,22/02/2021,
Half Size 12 cell pack HSP12,see7,2000,71,71,04/03/2021,22/02/2021,
Half Size 20 cell pack HSP20,see8,1200,71,71,04/03/2021,22/02/2021,
Half Size 4 Cell Pack HSP4,see0,400,71,71,04/03/2021,22/02/2021,
Half Size 9 cell pack HSP9,see6,1600,71,71,04/03/2021,22/02/2021,
SV4 Strip Insert 4 cells,see1,250,71,71,04/03/2021,22/02/2021,
Strip Insert 5 cells,see2,500,71,71,04/03/2021,22/02/2021,
Trolly Selling Pack 6 cell HSTP6,see4,3000,71,71,04/03/2021,22/02/2021,
Trolly Selling Pack 8 cell HSTP8,see5,750,71,71,04/03/2021,22/02/2021,
Full Size 40 Cell Pack SV40,see10,2200,71,71,04/03/2021,04/03/2021,
Gravel Trays HFSTHW,see27,1500,71,71,04/03/2021,04/03/2021,
Dead Sea Salt 0.8-5mm Food Grade PMG0025 Purple bag,sal2,2450,72,S546473,24/02/2021,22/02/2021,
10-52-10 High Phosphorus,fer29,1000,73,14518,04/03/2021,22/02/2021,
Blueberry Special 12:10:11+4,fer5,2000,73,14518,04/03/2021,22/02/2021,
Full Size 40 Cell Pack SV40,see10,1400,74,,26/02/2021,22/02/2021,
Gravel Trays HFSTHW,see27,1200,74,,26/02/2021,22/02/2021,
Half Size Seed Tray HHST,see23,1500,74,44,26/02/2021,22/02/2021,
Strip Insert 5 cells,see2,250,74,44,26/02/2021,22/02/2021,
Gravel Trays HFSTHW,see27,1200,74,44,26/02/2021,22/02/2021,
Full Size 40 Cell Pack SV40,see10,1400,74,44,26/02/2021,22/02/2021,
Full Size 60 Cell Pack SV60,see12,450,74,44,26/02/2021,26/02/2021,
Square Pot - 0.75L 9cm HS9910,pot91,6000,74,44,26/02/2021,26/02/2021,
Large Pot with handles - 30L LTR30,pot93,2400,75,SO0018227,12/03/2021,23/02/2021,
Black Round pot 32L DK32.0L,pot80,550,75,SO0018291,24/02/2021,23/02/2021,
Black Round pot 20L DK20.0L,pot78,1200,75,SO0018291,24/02/2021,23/02/2021,
Large Pot with handles - 35L LTR35,pot15,560,75,SO0018291,24/02/2021,23/02/2021,
Bamboo Cane 10ft,bam7,1200,75,SO0018291,24/02/2021,03/03/2021,
30ltr Storage Bucket PABO30WHAHA,sto16,1000,76,SOP326215,23/02/2021,23/02/2021,
Round Wire Hanging Basket 16 inch WBR16/24,han6,144,77,,24/02/2021,23/02/2021,
Terracotta Pot 13cm 13F,pot38,792,77,SO0018309,24/02/2021,23/02/2021,
Terracotta Pot 19cm 19F,pot40,500,77,SO0018309,24/02/2021,23/02/2021,
Wicker Round Hanging Basket 14 inch HB8005/20,han11,100,77,,24/02/2021,23/02/2021,
Round Wire Hanging Basket 18 inch WBR18,han7,144,77,,03/03/2021,03/03/2021,
Plastic black basket 14 inch,han15,240,77,,03/03/2021,03/03/2021,
Round Wire Hanging Basket 14 inch WBR14,han5,180,77,,03/03/2021,03/03/2021,
Large Pot with handles - 75L LTR75,pot17,360,77,SO0018328,02/03/2021,26/02/2021,
Round Wire Hanging Basket 16 inch WBR16/24,han6,216,77,,02/03/2021,02/03/2021,
Wicker Round Hanging Basket 12 inch HB8004/20,han10,200,77,,02/03/2021,02/03/2021,
Black Round pot 7.5L DK7.5L,pot74,3400,77,SO0018585,05/03/2021,04/03/2021,
Poly Pot- 17L HP15,pot33,3200,77,SO0018585,05/03/2021,04/03/2021,
Golden Gravel 10mm GG103,agg3,4000,78,218042,24/02/2021,23/02/2021,
Play Sand SPG3,agg1,168,79,217898,25/02/2021,23/02/2021,
Sweet Pea Gro Tubes GR1BP225SP,pot12,10000,80,8980,24/02/2021,23/02/2021,
2-0-0+2Fe Lawn Sand EL4040P,fer34,10000,82,36953,04/03/2021,25/02/2021,
Fish Blood & Bone 5-5-6 EL4619P,fer0,12000,82,36953,04/03/2021,25/02/2021,
Bone Meal 3.5-18-0,fer9,2000,82,36953,04/03/2021,25/02/2021,
27-0-0 Nitrate Of Chalk,fer38,1000,82,36953,04/03/2021,25/02/2021,
Yodel Pack 440 x 340 x 185 708096/1/0,sto19,3850,83,93147,04/03/2021,25/02/2021,
10kg Cardboard Box 415 x 325 x 87 710386/1/0,sto21,3740,83,93147,04/03/2021,25/02/2021,
5kg Cardboard Box 390 x 290 x 55 708090/1/0,sto23,5087,83,93147,04/03/2021,25/02/2021,
3kg Cardboard Box 250 x 250 x 55 708095/1/0,sto25,7170,84,93172,05/03/2021,25/02/2021,
25kg Cardboard Box 490x360x190mm 716615/1/0,sto62,6470,84,93172,05/03/2021,25/02/2021,
Large Pot with handles - 30L LTR30,pot93,1008,85,244435,25/02/2021,25/02/2021,
Raised Grow Bed G94MO,acc21,106,86,77169,16/03/2021,26/02/2021,
Trent Pea Gravel 10mm TPG103,agg4,4000,87,217988,03/03/2021,26/02/2021,
Golden Gravel 10mm GG103,agg3,4000,87,217989,03/03/2021,26/02/2021,
Elixir Rock Dust,fer40,14000,89,7032,12/03/2021,26/02/2021,
Gypsum/Calcium Sulphate,fer23,4000,89,7032,12/03/2021,26/02/2021,
Sulphur Powder,fer21,4000,89,40482,03/03/2021,26/02/2021,
Sulphur Chips Sulph 25,fer42,4000,89,7032,12/03/2021,26/02/2021,
Natural Complete Soil Improver,fer61,1000,89,7032,12/03/2021,26/02/2021,
Seaweed meal Seaweed 20,fer47,3000,89,7032,12/03/2021,26/02/2021,
Clear 7.3m x 100m Sunmaster,pol8,200,90,50343,03/03/2021,26/02/2021,
Clear 14m x 100m Sunmaster,pol11,100,90,50343,03/03/2021,26/02/2021,
Clear 9.2m x 100m Sunmaster,pol9,200,90,50442,15/03/2021,05/03/2021,
Clear 11.1m x 100m Sunmaster,pol10,172,90,50442,15/03/2021,05/03/2021,
Clear 7.3m x 100m Sunmaster,pol8,274,90,50442,15/03/2021,26/02/2021,
2-0-0+2Fe Lawn Sand EL4040P,fer34,5000,91,37230,10/03/2021,26/02/2021,
Bone Meal 3.5-18-0,fer9,1000,91,37230,10/03/2021,26/02/2021,
Fish Blood & Bone 5-5-6 EL4619P,fer0,10000,91,37230,10/03/2021,26/02/2021,
Poultry Manure Pelleted 4-3-2,fer12,10000,91,37230,10/03/2021,26/02/2021,
100mm x 160mm Ground Staples HGC140/L 6x4 inch,fix0,10000,92,,05/03/2021,26/02/2021,
Sodium Bicarbonate SB565,sal0,3150,93,1185944,05/03/2021,26/02/2021,
Basket Liner (14inch) JL14E,han1,200,94,,05/03/2021,01/03/2021,
Capillary matting 125cm ICM12,irr2,1000,94,94,05/03/2021,01/03/2021,
Poly Pot - 5ltr,pot27,2400,94,SO0018458,02/03/2021,01/03/2021,
Terracotta Pot 19cm 19F,pot40,500,94,SO0018458,02/03/2021,01/03/2021,
Terracotta Pot 13cm 13F,pot38,792,94,SO0018458,02/03/2021,01/03/2021,
Black Saucer 25cm DKS25B,pot114,500,94,SO0018328,02/03/2021,02/03/2021,
2ltr Gallup Home & garden CG020,wee0,3840,95,SO0017436,23/03/2021,01/03/2021,
2ltr Gallup Home & garden CG020,wee0,5280,95,SO0017438,06/04/2021,01/03/2021,
2ltr Gallup Home & garden CG020,wee0,1440,95,SO0017436,25/03/2021,01/03/2021,
25kg Cardboard Box 490x360x190mm 716615/1/0,sto62,2400,102,19495,01/03/2021,01/03/2021,
New mh 1,sto51,1080,102,19495,01/03/2021,01/03/2021,
Fish Blood & Bone 5-5-6 EL4619P,fer0,16000,103,37234,17/03/2021,01/03/2021,
2-0-0+2Fe Lawn Sand EL4040P,fer34,8000,103,37234,17/03/2021,01/03/2021,
Bone Meal 3.5-18-0,fer9,1000,103,37234,17/03/2021,01/03/2021,
1-0-0+9.5Fe Lawn Tonic EL4035P,wee2,5000,103,37485,25/03/2021,24/03/2021,
2-0-0+2Fe Lawn Sand EL4040P,fer34,7000,103,37485,25/03/2021,24/03/2021,
Bone Meal 3.5-18-0,fer9,3000,103,37485,25/03/2021,24/03/2021,
Fish Blood & Bone 5-5-6 EL4619P,fer0,11000,103,37485,25/03/2021,24/03/2021,
24mm Peat Pellet 31122124,jif18,10000,104,SO0018529,05/03/2021,02/03/2021,
33mm Peat Pellet 31130105,jif19,20000,104,SO0018529,05/03/2021,02/03/2021,
44mm Peat Pellet 32170142,jif21,13000,104,SO0018529,05/03/2021,02/03/2021,
1ltr Gallup Home & garden CG02,wee7,660,104,SO0018529,05/03/2021,02/03/2021,
45mm Coir Pellet 63400038,jif14,43200,105,SP-026900,23/03/2021,02/03/2021,
60x 41mm Peat Tray 32206011,jif24,280,105,SP-026900,23/03/2021,02/03/2021,
60x 33mm Peat Tray 31206011,jif23,300,105,SP-026900,23/03/2021,02/03/2021,
9cm x 10cm Peat Square 70000461,jif6,8000,105,SP-026900,23/03/2021,02/03/2021,
50x95mm Deep Peat Pellet 70000191,jif26,4860,105,SP-026900,23/03/2021,02/03/2021,
6cm x 6cm Round Coco 30812200,jif1,25920,105,SP-026900,23/03/2021,02/03/2021,
8cm x 8cm Round Coco 30813090,jif2,2200,105,SP-026900,23/03/2021,02/03/2021,
Large Pot with handles - 130L LTR130,pot21,68,106,244596,05/03/2021,02/03/2021,
Large Pot with handles - 90L LTR90,pot19,105,106,244596,05/03/2021,02/03/2021,
5ltr Storage Bucket 1051008,sto13,740,107,463420,02/03/2021,27/01/2021,
10ltr Storage Bucket 1113002,sto14,390,107,463420,02/03/2021,27/01/2021,
6 inch Square Pegs C695,fix4,96000,108,28961,24/03/2021,26/02/2021,
Envelope H5,sto31,3600,109,132118,02/03/2021,01/03/2021,
Pallet wrap,sto58,144000,109,132118,02/03/2021,01/03/2021,
Golden Gravel 10mm GG103,agg3,9800,110,201825,08/03/2021,02/03/2021,
Trent Pea Gravel 10mm TPG103,agg4,2800,110,201825,08/03/2021,02/03/2021,
Scottish Pebbles 20-40mm PEB SCOT1,agg7,4200,110,201825,08/03/2021,02/03/2021,
Play Sand SPG3,agg1,168,110,201825,08/03/2021,02/03/2021,
Cotswold 20mm C3,agg2,4200,110,201825,08/03/2021,02/03/2021,
Scottish Cobbles 50-80mm COB SCOT2,agg6,2800,110,201825,08/03/2021,02/03/2021,
Fish Blood & Bone 5-5-6 EL4619P,fer0,5000,111,37301,12/04/2021,02/03/2021,
2-0-0+2Fe Lawn Sand EL4040P,fer34,10000,111,37301,12/04/2021,02/03/2021,
Large Pot with handles - 30L LTR30,pot93,68,112,244596,04/03/2021,03/03/2021,
Large Pot with handles - 110L LTR110,pot20,105,112,244596,04/03/2021,03/03/2021,
Fine Nib Labeling Pen (Black) Gardeners,lab25,1728,113,2020039,03/03/2021,02/03/2021,
Growmore 7-7-7 F2477,fer3,12000,114,200151,05/03/2021,03/03/2021,
Garden Lime 4379,fer24,9000,114,200151,05/03/2021,03/03/2021,
15-9-20 Progrower Base Fertiliser 4318,fer44,3000,114,200151,05/03/2021,03/03/2021,
Ammonium Sulphate F2089,fer4,2000,114,200151,05/03/2021,03/03/2021,
Terracotta Saucer 10cm 3/4 inch G043143,pot62,600,116,TS318174,18/03/2021,03/03/2021,
Terracotta Saucer 20cm 7/8 inch G043223,pot64,1000,116,TS318174,18/03/2021,03/03/2021,
50L 50cm Barrel Planter G0850BL5,pot2,500,116,TS318497,24/03/2021,16/03/2021,
Microdol Dolomite Lime 124984,fer16,3600,117,802347838,11/03/2021,03/03/2021,
Deep Rootrainers RT010101,see19,520,118,TSO91577,08/03/2021,03/03/2021,
Shade Net 40% 1m x 50m DB1001,net15,5000,118,TSO91572,24/03/2021,03/03/2021,
Shade Net 40% 3m x 50m DB3004,net17,2500,118,TSO91572,24/03/2021,03/03/2021,
Butterfly Netting 2m GREXT11,net5,1500,118,TSO91572,24/03/2021,03/03/2021,
Shade Net 85% 1.83m x 100m LS8518302,net20,500,118,TSO91572,24/03/2021,10/03/2021,
Terracotta Pot 19cm 19F,pot40,500,119,SO0018585,05/03/2021,03/03/2021,
Terracotta Pot 23cm 23F,pot42,540,119,SO0018585,05/03/2021,03/03/2021,
Terracotta Pot 21cm 21F,pot41,420,119,SO0018585,05/03/2021,03/03/2021,
Large Pot with handles - 50L LTR50,pot16,250,119,SO0018585,05/03/2021,03/03/2021,
Bamboo Cane 2ft,bam0,12000,119,SO0018585,05/03/2021,05/03/2021,
Half Size 6 Cell Pack HSP6,see3,4000,119,SO0018585,05/03/2021,05/03/2021,
Half Size Seed Tray HHST,see23,5000,119,SO0018585,05/03/2021,05/03/2021,
Growmore 7-7-7 F2477,fer3,23600,120,200282,09/03/2021,04/03/2021,
Garden Lime 4379,fer24,3600,120,200282,09/03/2021,04/03/2021,
3MMX30X9MTR Anti-Hotspot tape 30mm RAS76152,pol22,600,121,252152,30/03/2021,04/03/2021,
3MMX20X9MTR Anti-Hotspot tape 20mm RAS76152,pol21,900,121,252152,30/03/2021,04/03/2021,
3MMX40X9MTR Anti-Hotspot Tape 40mm RAS76152,pol23,210,121,252152,30/03/2021,04/03/2021,
3MMX50X9MTR Anti-Hotspot tape 50mm RAS76152,pol24,109,121,252152,30/03/2021,04/03/2021,
Fish Blood & Bone 5-5-6 EL4619P,fer0,26000,122,9447,01/04/2021,04/03/2021,
Poultry Manure Pelleted 4-3-2,fer12,10000,122,37301,12/04/2021,04/03/2021,
Bone Meal 3.5-18-0,fer9,1000,122,37301,12/04/2021,04/03/2021,
15ltr Storage Bucket 1150021,sto15,1408,127,395824,05/03/2021,05/03/2021,
Full Size 40 Cell Pack SV40,see10,2200,128,9,09/03/2021,05/03/2021,
Half Size 6 Cell Pack HSP6,see3,6000,128,9,09/03/2021,05/03/2021,
Square Pot - 0.75L 9cm HS9910,pot91,48000,128,9,09/03/2021,05/03/2021,
Full Size 60 Cell Pack SV60,see12,300,128,2,29/03/2021,05/03/2021,
Full Size Lids HSPLFS,see16,1200,128,9,09/03/2021,05/03/2021,
Gravel Trays HFSTHW,see27,1500,128,9,09/03/2021,05/03/2021,
Half Size Seed Tray HHST,see23,3000,128,9,09/03/2021,05/03/2021,
Square Pot - 0.25L 7cm HS778,pot89,54000,128,9,09/03/2021,05/03/2021,
HFST Full Size Seed Tray,see17,4600,128,9,09/03/2021,05/03/2021,
Half Size 12 cell pack HSP12,see7,2000,128,9,09/03/2021,05/03/2021,
Half Size 20 cell pack HSP20,see8,1200,128,9,09/03/2021,05/03/2021,
Half Size 4 Cell Pack HSP4,see0,400,128,9,09/03/2021,05/03/2021,
Half Size 9 cell pack HSP9,see6,1600,128,9,09/03/2021,05/03/2021,
Half Size Lids,see22,600,128,9,09/03/2021,05/03/2021,
SV4 Strip Insert 4 cells,see1,250,128,9,09/03/2021,05/03/2021,
Strip Insert 5 cells,see2,500,128,9,09/03/2021,05/03/2021,
Trolly Selling Pack 6 cell HSTP6,see4,3000,128,9,09/03/2021,05/03/2021,
Trolly Selling Pack 8 cell HSTP8,see5,750,128,9,09/03/2021,05/03/2021,
Tape Parcel,sto22,1890,129,129395,05/03/2021,05/03/2021,
Full Size 24 cell pack SV24,see9,4000,130,22,12/03/2021,05/03/2021,
Full Size 40 Cell Pack SV40,see10,2000,130,16,12/03/2021,05/03/2021,
Half Size 6 Cell Pack HSP6,see3,5600,130,16,12/03/2021,05/03/2021,
Square Pot - 0.75L 9cm HS9910,pot91,30000,130,16,12/03/2021,05/03/2021,
Gravel Trays HFSTHW,see27,2550,130,16,12/03/2021,05/03/2021,
Half Size Seed Tray HHST,see23,7000,130,16,12/03/2021,05/03/2021,
Square Pot - 0.25L 7cm HS778,pot89,22500,130,16,12/03/2021,05/03/2021,
HFST Full Size Seed Tray,see17,3200,130,16,12/03/2021,05/03/2021,
Half Size 4 Cell Pack HSP4,see0,1600,130,16,12/03/2021,05/03/2021,
SV4 Strip Insert 4 cells,see1,1000,130,16,12/03/2021,05/03/2021,
Trolly Selling Pack 6 cell HSTP6,see4,7500,130,16,12/03/2021,05/03/2021,
Trolly Selling Pack 8 cell HSTP8,see5,3750,130,16,12/03/2021,05/03/2021,
7cm Square carry tray HS7S15,pot44,900,130,22,12/03/2021,05/03/2021,
9cm Square carry tray CT9/18,pot45,600,130,SO0018769,12/03/2021,05/03/2021,
Full Size Lids HSPLFS,see16,5200,130,2,29/03/2021,11/03/2021,
Half Size 20 cell pack HSP20,see8,4000,130,16,12/03/2021,11/03/2021,
16kg Lawn Sand 20400319,fer56,560,131,260321,13/04/2021,08/03/2021,
Resolva Selective Weedkiller 20300303,wee4,300,131,90321,22/03/2021,08/03/2021,
Winter Tree Wash FZLM176J,pes32,120,131,90321,22/03/2021,17/03/2021,
Sweet Pea Gro Tubes GR1BP225SP,pot12,10000,132,9127,08/03/2021,08/03/2021,
Large Pot with handles - 30L LTR30,pot93,263,133,244691,08/03/2021,08/03/2021,
Large Pot with handles - 110L LTR110,pot20,200,133,244691,08/03/2021,08/03/2021,
Sulphate of Potash,fer50,2625,134,37074,20/03/2021,08/03/2021,
7.5-12-36 Flower Buddy,fer18,1200,134,37074,20/03/2021,08/03/2021,
30ltr Storage Bucket PABO30WHAHA,sto16,2000,135,135,26/03/2021,08/03/2021,
Capillary matting 100cm ICM10,irr1,1000,136,SO0018769,12/03/2021,08/03/2021,
Capillary matting 125cm ICM12,irr2,1000,136,SO0018769,12/03/2021,08/03/2021,
Capillary matting 80cm ICM08,irr0,500,136,SO0018769,12/03/2021,08/03/2021,
Large Pot with handles - 130L LTR130,pot21,300,136,SO0018769,12/03/2021,08/03/2021,
Large Pot with Handles - 80L LTR80,pot18,180,136,SO0018769,17/03/2021,08/03/2021,
Large Pot with handles - 35L LTR35,pot15,1000,136,SO0018769,12/03/2021,08/03/2021,
24mm Peat Pellet 31122124,jif18,80000,136,SO0018540,17/03/2021,08/03/2021,
25kg Cardboard Box 490x360x190mm 716615/1/0,sto62,3100,137,19506,08/03/2021,08/03/2021,
New Soft Boxes,sto59,0,137,19506,08/03/2021,08/03/2021,
11cm Square carry Tray 3548,pot46,300,138,SO0018801,23/03/2021,09/03/2021,
Basket Liner (18inch) JL18E,han3,250,138,SO0018801,30/03/2021,09/03/2021,
Black Round pot 3L DK3.0L,pot71,10260,138,SO0018769,12/03/2021,09/03/2021,
Large Pot with handles - 50L LTR50,pot16,500,138,SO0018769,12/03/2021,09/03/2021,
Large Pot with handles - 90L LTR90,pot19,230,138,SO0018769,12/03/2021,09/03/2021,
Large Pot with handles - 75L LTR75,pot17,180,138,SO0018769,12/03/2021,09/03/2021,
Plastic black basket 14 inch,han15,120,138,SO0018801,30/03/2021,09/03/2021,
Wicker Cone Hanging Basket 13-14 inch HB8029/20,han9,100,138,SO0018769,12/03/2021,09/03/2021,
13cm Thermoformed Black pot VCH13B,pot47,9720,138,SO0018769,12/03/2021,09/03/2021,
Black Saucer 25cm DKS25B,pot114,400,138,SO0018769,12/03/2021,09/03/2021,
Black Saucer 35cm DKS35B,pot58,400,138,SO0018769,12/03/2021,09/03/2021,
Black Saucer 45cm DKS45B,pot97,400,138,SO0018769,12/03/2021,09/03/2021,
Black Round pot 15L DK15.0L,pot77,2200,138,SO0018769,12/03/2021,09/03/2021,
Black Round pot 12L DK12.0L,pot76,2300,138,SO0018769,12/03/2021,09/03/2021,
Black Round pot 7.5L DK7.5L,pot74,3400,138,SO0018769,12/03/2021,09/03/2021,
Wicker Round Hanging Basket 12 inch HB8004/20,han10,100,138,SO0018801,30/03/2021,11/03/2021,
Sodium Bicarbonate SB565,sal0,5250,139,1185946,12/03/2021,09/03/2021,
Microdol Dolomite Lime 124984,fer16,4800,140,82358560,17/03/2021,09/03/2021,
Golden Gravel 10mm GG103,agg3,960,141,202072,16/03/2021,09/03/2021,
Trent Pea Gravel 10mm TPG103,agg4,960,141,202072,16/03/2021,09/03/2021,
Blue Slate 40mm SLB403,agg0,960,141,202072,16/03/2021,09/03/2021,
Scottish Cobbles 50-80mm COB SCOT2,agg6,960,141,202072,16/03/2021,09/03/2021,
Scottish Pebbles 20-40mm PEB SCOT1,agg7,960,141,202072,16/03/2021,09/03/2021,
Angle Head White - 19cm SL190,lab1,1500,142,17663,11/03/2021,09/03/2021,
Cane Cap Top hat CC1,sup18,20000,142,17663,11/03/2021,09/03/2021,
4 inch White Stick in Label L4,lab33,100000,142,,11/03/2021,09/03/2021,
Super Soft Rubber Ties - 24 inch TP60,sup31,1000,142,17663,18/03/2021,09/03/2021,
Tying Tube 3mm x 50m TUBE3EP,sup28,50,142,17663,11/03/2021,09/03/2021,
White T Label SL200,lab45,2000,142,17663,11/03/2021,09/03/2021,
Woven ground cover 2m x 50m GC75250,gro16,1200,143,TSO87983,09/03/2021,09/03/2021,
Woven ground cover 1m x 50m GC75150,gro12,3000,143,TSO87983,09/03/2021,09/03/2021,
Woven ground cover 2m x 100m GC752100,gro17,8000,144,TSO91572,24/03/2021,10/03/2021,
18-18-18 Soluble Growmore,fer8,1000,145,14557,16/03/2021,10/03/2021,
Blueberry Special 12:10:11+4,fer5,1000,145,14557,16/03/2021,10/03/2021,
Dead Sea - Bath Extra Magnesium (coarse) DBC0025,sal3,2100,146,146,11/03/2021,10/03/2021,
Basket Liner (14inch) JL14E,han1,500,147,SO0018822,30/03/2021,10/03/2021,
Round Wire Hanging Basket 14 inch WBR14,han5,180,147,SO0018848,12/03/2021,10/03/2021,
Wicker Round Hanging Basket 14 inch HB8005/20,han11,100,147,SO0018848,12/03/2021,10/03/2021,
Black Round pot 10L DK10.0L,pot75,3200,147,SO0018848,12/03/2021,10/03/2021,
Poly Pot- 10L,pot30,3000,147,SO0019741,12/04/2021,10/03/2021,
1022 20kg 10-2-2 Spring/Summer Complete Lawn,fer17,26000,148,4294,20/03/2021,10/03/2021,
Mole Traps - Tunnel,pes19,360,149,26037,12/03/2021,10/03/2021,
Mole Traps - Scissor,pes18,240,149,1385019,17/03/2021,10/03/2021,
Mole Traps - Tunnel,pes19,720,149,ETH0026160,12/03/2021,10/03/2021,
15ltr Storage Bucket 1150021,sto15,616,150,37910,10/03/2021,10/03/2021,
Plant Halos G167GM,pot13,288,151,77169,16/03/2021,10/03/2021,
Bag (10x15 inch) - 2/3kg,sto6,25000,152,152,26/03/2021,10/03/2021,
Bag (8x10 inch) - 1kg,sto5,50000,152,117135,14/04/2021,10/03/2021,
Bag (15x20 inch) - 10kg,sto8,25000,152,152,26/03/2021,10/03/2021,
Bag (20x30 inch) - 30kg,sto10,1000,152,152,26/03/2021,10/03/2021,
Bag (6x8 inch) - 250/300g,sto4,10000,152,152,26/03/2021,10/03/2021,
Bag (12x18 inch) - 5kg,sto7,12750,152,152,26/03/2021,10/03/2021,
50mm x 25m Polytunnel Repair Tape 8110CL50X25,pol14,300,153,280903,15/04/2021,10/03/2021,
75mm x 25m Polytunnel Repair Tape 8110CL75X25,pol15,100,153,280903,15/04/2021,10/03/2021,
100mm x 25m Polytunnel Repair Tape 8110CL100X25,pol16,500,153,280903,15/04/2021,10/03/2021,
150mm x 25m Polytunnel Repair Tape 8110CL150X25,pol17,200,153,280903,15/04/2021,10/03/2021,
200mm x 25m Polytunnel Repair Tape 8110CL200X25,pol18,200,153,280903,15/04/2021,10/03/2021,
Bamboo Cane 10ft,bam7,2000,154,PO0004020,06/04/2021,10/03/2021,
Bamboo Cane 2ft,bam0,14000,154,PO0004020,06/04/2021,10/03/2021,
Bamboo Cane 3ft,bam1,58000,154,PO0004020,06/04/2021,10/03/2021,
Bamboo Cane 8ft,bam6,30200,154,PO0004020,06/04/2021,10/03/2021,
Bamboo Cane 4ft,bam2,39500,154,PO0004020,06/04/2021,10/03/2021,
Bamboo Cane 5ft,bam3,24500,154,PO0004020,06/04/2021,10/03/2021,
Bamboo Cane 6ft,bam4,32000,154,PO0004020,06/04/2021,10/03/2021,
Bamboo Cane 7ft,bam5,13600,154,PO0004020,06/04/2021,10/03/2021,
Green Split Cane 12inch/1ft GSC12,sup9,25000,154,PO0004020,06/04/2021,10/03/2021,
Green Split Cane 24inch/2ft GSC24,sup10,30000,154,PO0004020,06/04/2021,10/03/2021,
Green Split Cane 36inch/3ft GSC36,sup11,30000,154,PO0004020,06/04/2021,10/03/2021,
Iron Sulphate Ferrogranul Ironferr,fer49,2000,156,37334,11/03/2021,11/03/2021,
Black Round pot 5L DK5.0SL,pot73,4920,158,SO0018925,30/03/2021,11/03/2021,
Black Round pot 20L DK20.0L,pot78,1200,158,SO0018925,17/03/2021,11/03/2021,
Black Saucer 30cm DKS30B,pot56,200,158,SO0018925,17/03/2021,11/03/2021,
Deep Rootrainers RT010101,see19,520,159,TSO91774,22/03/2021,11/03/2021,
Woven ground cover 5m x 50m GC75550,gro28,82,160,244921,12/03/2021,12/03/2021,
Half Size 6 Cell Pack HSP6,see3,4000,161,SO0017993,12/03/2021,12/03/2021,
Capillary matting 100cm ICM10,irr1,100,162,SO0017993,12/03/2021,12/03/2021,
Sodium Bicarbonate SB565,sal0,2100,163,1186054,12/03/2021,12/03/2021,
Gravel Trays HFSTHW,see27,3900,164,51,17/03/2021,15/03/2021,
Half Size 6 Cell Pack HSP6,see3,5600,164,2,26/03/2021,15/03/2021,
Capillary matting 125cm ICM12,irr2,650,165,SO0018822,17/03/2021,15/03/2021,
Capillary matting 100cm ICM10,irr1,750,165,SO0018822,17/03/2021,15/03/2021,
Deep Rose pot 7L DK7.0LR,pot9,4450,165,SO0018984,17/03/2021,15/03/2021,
Deep Rose pot 2L DK2.0LR,pot6,10050,165,SO0018984,17/03/2021,15/03/2021,
Large Pot with handles - 130L LTR130,pot21,150,165,SO0018984,17/03/2021,15/03/2021,
Large Pot with handles - 30L LTR30,pot93,330,165,SO0018984,17/03/2021,15/03/2021,
9cm Thermoformed Terracotta Pot 9cm-TF-H-TC/B,pot48,21488,165,SO0018984,17/03/2021,15/03/2021,
Round Wire Hanging Basket 14 inch WBR14,han5,180,165,SO0018984,17/03/2021,15/03/2021,
Terracotta Pot 13cm 13F,pot38,396,165,SO0018984,17/03/2021,15/03/2021,
Terracotta Pot 21cm 21F,pot41,504,165,SO0018984,17/03/2021,15/03/2021,
Full Size 24 cell pack SV24,see9,1000,165,SO0018984,17/03/2021,17/03/2021,
Half Size 9 cell pack HSP9,see6,2400,165,SO0019038,17/03/2021,17/03/2021,
Half Size 12 cell pack HSP12,see7,2400,165,SO0019038,17/03/2021,17/03/2021,
Capillary matting 80cm ICM08,irr0,2000,165,SO0018822,17/03/2021,17/03/2021,
Bone Meal 3.5-18-0,fer9,2000,166,37406,16/03/2021,15/03/2021,
1-0-0+9.5Fe Lawn Tonic EL4035P,wee2,2000,166,37406,16/03/2021,15/03/2021,
Beta Rat Bait Box BETA,pes23,480,167,122278,16/03/2021,15/03/2021,
Green Netting 2m x 100m PN30201,net0,4500,168,168,15/03/2021,15/03/2021,
Green Netting 10m x 100m PN31001,net4,5800,168,168,15/03/2021,15/03/2021,
Green Netting 6m x 100m PN30601,net2,2300,168,168,15/03/2021,15/03/2021,
Green Netting 8m x 100m PN30801,net3,2500,168,168,15/03/2021,15/03/2021,
Support Rings PS10,sup13,1000,169,17685,18/03/2021,15/03/2021,
Angle Head Black - 19cm SL190BLACK,lab0,500,169,17685,18/03/2021,15/03/2021,
Angle Head White - 19cm SL190,lab1,500,169,17685,18/03/2021,15/03/2021,
4 inch Yellow Stick in Labels L4YELLOW,lab34,20000,169,17685,18/03/2021,15/03/2021,
4 inch Blue Stick in Labels L4BLUE,lab28,20000,169,17685,18/03/2021,15/03/2021,
4 inch Green Stick in Labels L4GREEN,lab29,20000,169,17685,18/03/2021,15/03/2021,
4 inch Orange Stick in Labels L4ORANGE,lab30,20000,169,17685,18/03/2021,15/03/2021,
4 inch Red Stick in Lables L4,lab32,20000,169,17685,18/03/2021,15/03/2021,
4 inch White Stick in Label L4,lab33,20000,169,17685,18/03/2021,15/03/2021,
6 inch White Stick in Labels L6,lab36,10000,169,17685,26/03/2021,15/03/2021,
Angle Head Black SL160BLACK,lab27,500,169,17685,18/03/2021,15/03/2021,
Loop Lock Label White 220mm LL8W,lab23,10000,169,17685,18/03/2021,15/03/2021,
Plant Clips PSC11,sup12,2500,169,17685,18/03/2021,15/03/2021,
Loop Lock Label Yellow 220mm LL8Y,lab24,30000,169,17547,18/03/2021,18/03/2021,
Tree Tie 13 inch TP320,sup8,1250,169,17307,18/03/2021,18/03/2021,
Clear 11.1m x 100m Sunmaster,pol10,200,170,50667,23/03/2021,15/03/2021,
Clear 14m x 100m Sunmaster,pol11,100,170,50667,23/03/2021,23/03/2021,
25kg Cardboard Box 490x360x190mm 716615/1/0,sto62,9920,171,93329,16/03/2021,16/03/2021,
Large Pot with handles - 50L LTR50,pot16,294,172,SO0019043,23/03/2021,16/03/2021,
Wicker Cone Hanging Basket 11-12 inch HB8006/20,han8,100,172,SO0019038,17/03/2021,16/03/2021,
Round Wire Hanging Basket 18 inch WBR18,han7,180,172,SO0020341,17/03/2021,16/03/2021,
5-19-10 Mag Phos Tree Shrub,fer39,4000,173,199908,22/03/2021,16/03/2021,
Ammonium Sulphate F2089,fer4,4000,173,SO104030,19/03/2021,16/03/2021,
Growmore 7-7-7 F2477,fer3,16000,173,SO104030,19/03/2021,16/03/2021,
15-9-20 Progrower Base Fertiliser 4318,fer44,4000,173,SO104030,19/03/2021,19/03/2021,
Iron Sulphate Ferrogranul Ironferr,fer49,14700,175,7028,31/03/2021,16/03/2021,
12-3-9 Spring & Summer,fer48,10000,175,7028,31/03/2021,16/03/2021,
Seaweed meal Seaweed 20,fer47,2000,175,7028,31/03/2021,16/03/2021,
Microdol Dolomite Lime 124984,fer16,3600,176,802383520,24/03/2021,17/03/2021,
Bone Meal 3.5-18-0,fer9,1000,177,37429,17/03/2021,17/03/2021,
Iron Sulphate Ferrogranul Ironferr,fer49,1000,177,37429,17/03/2021,17/03/2021,
2-0-0+2Fe Lawn Sand EL4040P,fer34,1000,177,37429,17/03/2021,17/03/2021,
7cm Square carry tray HS7S15,pot44,600,178,2,29/03/2021,17/03/2021,
Full Size 24 cell pack SV24,see9,3000,178,2,29/03/2021,17/03/2021,
Full Size 60 Cell Pack SV60,see12,150,178,2,26/03/2021,17/03/2021,
Gravel Trays HFSTHW,see27,4200,178,2,26/03/2021,17/03/2021,
Half Size 9 cell pack HSP9,see6,4000,178,2,26/03/2021,17/03/2021,
Square Pot - 0.75L 9cm HS9910,pot91,54000,178,2,26/03/2021,17/03/2021,
Carry Trays Triple,see26,100,178,2,26/03/2021,17/03/2021,
HFST Full Size Seed Tray,see17,3000,178,2,26/03/2021,17/03/2021,
Half Size 12 cell pack HSP12,see7,2000,178,2,26/03/2021,17/03/2021,
Strip Insert 5 cells,see2,1000,178,2,29/03/2021,17/03/2021,
Carry Trays Triple,see26,200,178,2,26/03/2021,26/03/2021,
15cm x 13cm Round Slits 70000479,jif8,5544,179,SP-027065,09/04/2021,17/03/2021,
30mm Coir Pellet 67100025,jif12,92160,179,SP-027065,09/04/2021,17/03/2021,
35mm Coir Pellet 63100030,jif13,34650,179,SP-027065,09/04/2021,17/03/2021,
45mm Coir Pellet 63400038,jif14,54000,179,SP-027065,09/04/2021,17/03/2021,
1ltr Gallup Home & garden CG02,wee7,660,180,SO0018540,17/03/2021,17/03/2021,
Citric Acid,sal1,3300,181,132042,23/03/2021,17/03/2021,
Post Box 330 x 240 x 30 Large,sto20,4716,182,93398,18/03/2021,18/03/2021,
3kg Cardboard Box 250 x 250 x 55 708095/1/0,sto25,2360,182,93398,18/03/2021,18/03/2021,
Rodex 25 Oktablok,pes0,72000,183,DNA12476,18/03/2021,18/03/2021,
Capillary matting 125cm ICM12,irr2,600,184,SO0019145,23/03/2021,18/03/2021,
Large Pot with handles - 35L LTR35,pot15,1120,184,SO0019145,23/03/2021,18/03/2021,
Large Pot with handles - 75L LTR75,pot17,280,184,SO0019145,23/03/2021,18/03/2021,
Wicker Round Hanging Basket 14 inch HB8005/20,han11,100,184,SO0019145,23/03/2021,18/03/2021,
24mm Peat Pellet 31122124,jif18,30000,184,SO0018540,06/04/2021,18/03/2021,
33mm Peat Pellet 31130105,jif19,40000,184,SO0019145,23/03/2021,18/03/2021,
Black Round pot 10L DK10.0L,pot75,3200,184,SO0019145,25/03/2021,18/03/2021,
Black Round pot 3L DK3.0L,pot71,10260,184,SO0019391,31/03/2021,18/03/2021,
Capillary matting 80cm ICM08,irr0,2400,184,SO0018823,23/03/2021,23/03/2021,
Capillary matting 100cm ICM10,irr1,800,184,SO0018823,23/03/2021,23/03/2021,
Frost Fleece 2m x 250m FL1809,gro0,4000,185,245298,25/03/2021,18/03/2021,
Plant Halos G167GM,pot13,288,187,75754,18/03/2021,18/03/2021,
Sweet Pea Gro Tubes GR1BP225SP,pot12,10000,188,37489,22/03/2021,18/03/2021,
Packing bubble 750mm x 10mm x 100m,sto37,1000,189,133062,19/03/2021,18/03/2021,
Packing bubble 1500 mm x 10mm x 100m,sto34,500,189,133062,19/03/2021,18/03/2021,
Envelope H5,sto31,3600,189,133062,19/03/2021,18/03/2021,
Woven ground cover 4m x 50m GC75450,gro24,2500,190,TSO92044,24/03/2021,19/03/2021,
Golden Gravel 10mm GG103,agg3,4000,191,218856,23/03/2021,19/03/2021,
Blue Slate 40mm SLB403,agg0,4000,191,218857,06/04/2021,19/03/2021,
Shade Net 40% 2m x 50m DB2006,net16,3950,192,245215,19/03/2021,17/03/2021,
Shade Net 40% 3m x 50m DB3004,net17,4100,192,245215,19/03/2021,17/03/2021,
Clear Polythene 2m 1000g 225mu 50m 26989,pol6,2500,193,147386,15/04/2021,19/03/2021,
Black Polythene 1m 500g 110mu 200m 30525,pol0,10000,193,147437,15/04/2021,19/03/2021,
Sodium Bicarbonate SB565,sal0,5250,194,1185947,29/03/2021,19/03/2021,
Standard Grow bag Tray G182B,see25,560,197,77170,09/04/2021,19/03/2021,
Green Full Size Seed Tray G17G,see15,2600,197,77170,09/04/2021,19/03/2021,
Black Full Size Seed Tray G17B,see14,1300,197,77170,09/04/2021,19/03/2021,
Green Half Size Seed Tray G18G,see21,500,197,77170,09/04/2021,19/03/2021,
Black Half Size Seed Tray G18B,see20,500,197,77170,09/04/2021,19/03/2021,
5kg Cardboard Box 390 x 290 x 55 708090/1/0,sto23,2050,198,93456,22/03/2021,22/03/2021,
Yodel Pack 440 x 340 x 185 708096/1/0,sto19,5460,198,93456,22/03/2021,22/03/2021,
Gallup Box 160 x 125 x 210 709913/1/0,sto26,5730,198,93456,22/03/2021,22/03/2021,
10kg Cardboard Box 415 x 325 x 87 710386/1/0,sto21,3840,198,93456,22/03/2021,22/03/2021,
Large Pot with handles - 130L LTR130,pot21,150,199,SO0019279,25/03/2021,22/03/2021,
Wicker Cone Hanging Basket 13-14 inch HB8029/20,han9,100,199,SO0019279,25/03/2021,22/03/2021,
13cm Thermoformed Black pot VCH13B,pot47,9720,199,SO0019279,25/03/2021,22/03/2021,
13cm Thermoformed Terracotta pot VCH13RT,pot51,4320,199,SO0019279,25/03/2021,22/03/2021,
Black Round pot 15L DK15.0L,pot77,2200,199,SO0019279,25/03/2021,22/03/2021,
Terracotta Pot 21cm 21F,pot41,504,199,SO0019279,25/03/2021,22/03/2021,
Square Pot - 1L 11cm DK111112,pot84,23330,199,SO0019279,25/03/2021,22/03/2021,
Plant Halos G167GM,pot13,288,200,77496,19/04/2021,22/03/2021,
Steel Chain 6mm x 15m 300-06033R0150ZP-1,acc17,300,202,1387266,25/03/2021,22/03/2021,
Steel Chain 4mm x 30m 300-04026R0300ZP-1,acc15,300,202,1387266,25/03/2021,22/03/2021,
Deep Rootrainers RT010101,see19,520,203,TSO92124,31/03/2021,22/03/2021,
9cm Square carry tray CT9/18,pot45,300,205,SO0019043,23/03/2021,23/03/2021,
Terracotta Plant Pot 10 inch G042243,pot104,250,206,TS318952,01/04/2021,23/03/2021,
Terracotta Plant Pot 12.5 inch G042263,pot105,250,206,TS318952,01/04/2021,23/03/2021,
Terracotta Saucer 10cm 3/4 inch G043143,pot62,300,206,TS318952,01/04/2021,23/03/2021,
Terracotta Saucer 20cm 7/8 inch G043223,pot64,250,206,TS318952,01/04/2021,23/03/2021,
Terracotta Saucer 24cm 10 inch G043243,pot65,260,206,TS318952,01/04/2021,23/03/2021,
Iron Sulphate Ferrogranul Ironferr,fer49,3150,207,7112,23/03/2021,17/03/2021,
MMC Pro 5L Cleaner 141MMC0500,wee5,640,208,1774573,24/03/2021,23/03/2021,
Epsom Salt Organic 14820001/25,sal5,24000,209,5863,23/03/2021,23/03/2021,
Golden Gravel 10mm GG103,agg3,8400,210,202655,30/03/2021,23/03/2021,
Blue Slate 40mm SLB403,agg0,2800,210,202655,30/03/2021,23/03/2021,
Plum Slate 40mm SLP403,agg5,2800,210,202655,30/03/2021,23/03/2021,
Cotswold 20mm C3,agg2,2800,210,202655,30/03/2021,23/03/2021,
Trent Pea Gravel 10mm TPG103,agg4,2800,210,202655,30/03/2021,23/03/2021,
Scottish Pebbles 20-40mm PEB SCOT1,agg7,4200,210,202655,30/03/2021,23/03/2021,
Scottish Cobbles 50-80mm COB SCOT2,agg6,4200,210,202655,30/03/2021,23/03/2021,
Terracotta Plant Pot 9cm 9F 9CM-SL-TC/C,pot36,9360,211,SO0018227,25/03/2021,23/03/2021,
Large Pot with handles - 50L LTR50,pot16,240,211,SO0019320,16/04/2021,23/03/2021,
44mm Peat Pellet 32170142,jif21,10000,211,SO0019318,25/03/2021,23/03/2021,
Black Round pot 1.5L DK1.5L,pot69,15120,211,SO0019318,25/03/2021,23/03/2021,
Black Round pot 7.5L DK7.5L,pot74,3400,211,SO0019318,25/03/2021,23/03/2021,
Capillary matting 125cm ICM12,irr2,800,211,SO0019963,16/04/2021,23/03/2021,
Flower Pouch,pot10,1500,211,SO0019318,25/03/2021,23/03/2021,
Round Wire Hanging Basket 14 inch WBR14,han5,180,211,SO0019318,25/03/2021,23/03/2021,
Round Wire Hanging Basket 16 inch WBR16/24,han6,180,211,SO0019318,25/03/2021,23/03/2021,
Super Soft Rubber Ties - 18 inch TP45,sup30,1000,212,17718,26/03/2021,23/03/2021,
Tapener Tying Tape MAX15GREEN,sup2,1800,212,17718,26/03/2021,23/03/2021,
Obelisk 108cm x 25cm OB1,sup4,75,212,17718,26/03/2021,23/03/2021,
Plant Clips PSC11,sup12,5000,212,17718,26/03/2021,23/03/2021,
Trellis - 82cm x 17cm Dia PS16,sup22,500,212,17718,26/03/2021,23/03/2021,
Trellis - 59cm x 30cm Dia PS11,sup20,500,212,17718,26/03/2021,23/03/2021,
Tying Tube 3mm x 50m TUBE3EP,sup28,100,212,17718,26/03/2021,23/03/2021,
Green Netting 2m x 100m PN30201,net0,7900,215,TSO91572,24/03/2021,24/03/2021,
Green Netting 4m x 100m PN30401,net1,4000,215,TSO91572,24/03/2021,24/03/2021,
9cm Thermoformed Terracotta Pot 9cm-TF-H-TC/B,pot48,21488,216,SO0019318,25/03/2021,25/03/2021,
Microdol Dolomite Lime 124984,fer16,3600,217,802413739,06/04/2021,25/03/2021,
25kg Cardboard Box 490x360x190mm 716615/1/0,sto62,220,218,19525,25/03/2021,25/03/2021,
New Soft Boxes,sto59,170,218,19525,25/03/2021,25/03/2021,
New mh 1,sto51,987,218,19525,25/03/2021,25/03/2021,
5 lt liquid bottle COJC05NATEPB,sto47,896,219,219,26/03/2021,25/03/2021,
Wild Bird Feed Sunflower Rich,bir2,2000,220,SO112777,25/03/2021,25/03/2021,
Frost Fleece 8.5m x 250m HCC232,gro4,160,221,245286,25/03/2021,25/03/2021,
Black Saucer 30cm DKS30B,pot56,450,222,SO0019391,30/03/2021,25/03/2021,
Large Pot with handles - 130L LTR130,pot21,226,222,SO0019391,30/03/2021,25/03/2021,
Terracotta Plant Pot 6cm 6E,pot35,8220,222,SO0019391,30/03/2021,25/03/2021,
Wicker basket round 18 inch,han13,100,222,SO0019391,30/03/2021,25/03/2021,
Black Round pot 20L DK20.0L,pot78,1360,222,SO0019391,30/03/2021,25/03/2021,
Black Saucer 35cm DKS35B,pot58,400,222,SO0019391,30/03/2021,25/03/2021,
35mm Coir Pellet 63100030,jif13,34650,223,SP-027194,15/04/2021,25/03/2021,
50x95mm Deep Peat Pellet 70000191,jif26,6804,223,SP-027194,15/04/2021,25/03/2021,
45mm Coir Pellet 63400038,jif14,7200,223,SP-027194,15/04/2021,25/03/2021,
60x 33mm Peat Tray 31206011,jif23,90,223,SP-027194,15/04/2021,25/03/2021,
60x 41mm Peat Tray 32206011,jif24,84,223,SP-027194,15/04/2021,25/03/2021,
6cm x 6cm Round Coco 30812200,jif1,7776,223,SP-027194,15/04/2021,25/03/2021,
4 inch Yellow Stick in Labels L4YELLOW,lab34,20000,225,17728,01/04/2021,26/03/2021,
4 inch Blue Stick in Labels L4BLUE,lab28,20000,225,17728,01/04/2021,26/03/2021,
4 inch Green Stick in Labels L4GREEN,lab29,20000,225,17728,01/04/2021,26/03/2021,
4 inch Orange Stick in Labels L4ORANGE,lab30,20000,225,17728,01/04/2021,26/03/2021,
4 inch Red Stick in Lables L4,lab32,20000,225,17728,01/04/2021,26/03/2021,
Super Soft Rubber Ties - 24 inch TP60,sup31,1200,225,17728,01/04/2021,26/03/2021,
Cane Cap Top hat CC1,sup18,4000,225,17728,01/04/2021,26/03/2021,
8 inch White Stick in Labels L8,lab37,5000,225,17728,01/04/2021,26/03/2021,
Angle Head Black - 19cm SL190BLACK,lab0,500,225,17728,01/04/2021,26/03/2021,
Plant Clips PSC11,sup12,5000,225,17728,01/04/2021,26/03/2021,
Support Rings PS10,sup13,200,225,17728,01/04/2021,26/03/2021,
Butterfly Netting 2m GREXT11,net5,1500,227,TSO92275,31/03/2021,26/03/2021,
Butterfly Netting 4m GREXT12,net6,900,227,TSO92275,31/03/2021,26/03/2021,
Shade Net 85% 0.91m x 100m LS8509101,net21,1000,227,TSO92275,31/03/2021,31/03/2021,
Shade Net 40% 1m x 50m DB1001,net15,5000,228,TSO92276,06/04/2021,26/03/2021,
Shade Net 95% 1.83m x 100m LS9518302,net24,500,228,TSO92276,06/04/2021,26/03/2021,
Glue band Traps FZBM126J,pes9,96,229,290321,06/04/2021,26/03/2021,
Winter Tree Wash FZLM176J,pes32,240,229,290321,06/04/2021,26/03/2021,
Hydrangea Colourant 20600082,acc22,240,229,290321,06/04/2021,26/03/2021,
Resolva Selective Weedkiller 20300303,wee4,180,229,290321,06/04/2021,26/03/2021,
Slug Killer 575g 20300351,pes30,180,229,290321,06/04/2021,26/03/2021,
7cm Square carry tray HS7S15,pot44,300,230,90,08/04/2021,26/03/2021,
Full Size 24 cell pack SV24,see9,3000,230,90,08/04/2021,26/03/2021,
Full Size 40 Cell Pack SV40,see10,4000,230,90,08/04/2021,26/03/2021,
Gravel Trays HFSTHW,see27,3900,230,90,08/04/2021,26/03/2021,
HFST Full Size Seed Tray,see17,5200,230,90,08/04/2021,26/03/2021,
Half Size 12 cell pack HSP12,see7,5600,230,90,08/04/2021,26/03/2021,
Half Size 6 Cell Pack HSP6,see3,11200,230,90,08/04/2021,26/03/2021,
Half Size 9 cell pack HSP9,see6,5600,230,90,08/04/2021,26/03/2021,
Square Pot - 0.25L 7cm HS778,pot89,45000,230,90,08/04/2021,26/03/2021,
Square Pot - 0.75L 9cm HS9910,pot91,17000,230,SO0019741,12/04/2021,26/03/2021,
Trolly Selling Pack 6 cell HSTP6,see4,7500,230,90,08/04/2021,26/03/2021,
Carry Trays Triple,see26,100,230,90,08/04/2021,26/03/2021,
9cm Square carry tray CT9/18,pot45,400,230,SO0019391,30/03/2021,26/03/2021,
Half Size Seed Tray HHST,see23,5000,230,90,08/04/2021,26/03/2021,
Golden Gravel 10mm GG103,agg3,11200,231,23,23/04/2021,26/03/2021,
Blue Slate 40mm SLB403,agg0,1400,231,23,23/04/2021,26/03/2021,
Plum Slate 40mm SLP403,agg5,1400,231,23,23/04/2021,26/03/2021,
Cotswold 20mm C3,agg2,1400,231,23,23/04/2021,26/03/2021,
Trent Pea Gravel 10mm TPG103,agg4,5600,231,23,23/04/2021,26/03/2021,
Scottish Pebbles 20-40mm PEB SCOT1,agg7,4200,231,23,23/04/2021,26/03/2021,
Scottish Cobbles 50-80mm COB SCOT2,agg6,2800,231,23,23/04/2021,26/03/2021,
Golden Gravel 10mm GG103,agg3,4000,232,218446,26/03/2021,26/03/2021,
Black Round pot 25L DK25.0L,pot79,1080,233,SO0019741,12/04/2021,29/03/2021,
Black Round pot 32L DK32.0L,pot80,550,233,SO0019522,30/03/2021,29/03/2021,
Black Round pot - 45L DK45L,pot81,610,233,SO0019522,30/03/2021,29/03/2021,
Black Round pot - 60L DK60L,pot82,400,233,SO0019520,31/03/2021,29/03/2021,
Terracotta Plant Pot 26cm 26F,pot43,560,233,SO0019522,30/03/2021,29/03/2021,
Wicker Round Hanging Basket 14 inch HB8005/20,han11,100,233,SO0019522,30/03/2021,29/03/2021,
Dead Sea - Bath Extra Magnesium (fine) DBF0025,sal4,1050,234,234,01/04/2021,29/03/2021,
25kg Cardboard Box 490x360x190mm 716615/1/0,sto62,1950,235,19529,29/03/2021,29/03/2021,
Black Round pot 12L DK12.0L,pot76,2300,236,SO0019590,01/04/2021,30/03/2021,
Black Round pot 4L DK4.0L,pot72,6580,236,SO0019590,01/04/2021,30/03/2021,
Black Round pot 2L DK2.0L,pot70,13200,236,SO0019590,01/04/2021,30/03/2021,
Black Round pot 1L DK1.0SL,pot68,22300,236,SO0019590,01/04/2021,30/03/2021,
Poly Pot - 3ltr,pot95,600,236,SO0019590,01/04/2021,30/03/2021,
Black Saucer 25cm DKS25B,pot114,500,236,SO0019590,01/04/2021,30/03/2021,
Terracotta Plant Pot 9cm 9F 9CM-SL-TC/C,pot36,9360,236,SO0019590,01/04/2021,30/03/2021,
Terracotta Pot 21cm 21F,pot41,504,236,SO0019590,01/04/2021,30/03/2021,
Envelope H5,sto31,12000,237,303904,01/04/2021,30/03/2021,
Ammonium Sulphate F2089,fer4,2000,238,201354,01/04/2021,30/03/2021,
Garden Lime 4379,fer24,3600,238,201354,01/04/2021,30/03/2021,
Granular Sulphate of Potash,fer25,1200,238,201354,01/04/2021,30/03/2021,
Growmore 7-7-7 F2477,fer3,19600,238,201354,01/04/2021,30/03/2021,
1022 20kg 10-2-2 Spring/Summer Complete Lawn,fer17,10000,239,7315,07/04/2021,30/03/2021,
12-3-9 Spring & Summer,fer48,12000,239,7317,07/04/2021,30/03/2021,
Elixir Rock Dust,fer40,3000,239,7317,07/04/2021,30/03/2021,
Seaweed meal Seaweed 20,fer47,1000,239,7317,07/04/2021,30/03/2021,
Seaweed meal Seaweed 20,fer47,1000,239,7317,07/04/2021,30/03/2021,
Elixir Rock Dust,fer40,5000,239,7317,07/04/2021,30/03/2021,
12-3-9 Spring & Summer,fer48,6000,239,7317,07/04/2021,30/03/2021,
Iron Sulphate Ferrogranul Ironferr,fer49,14700,240,7317,21/04/2021,30/03/2021,
New Soft Boxes,sto59,1564,241,19530,30/03/2021,30/03/2021,
Play Sand SPG3,agg1,3360,242,218885,06/04/2021,31/03/2021,
Play Sand SPG3,agg1,168,242,218517,08/04/2021,31/03/2021,
9cm Thermoformed Terracotta Pot 9cm-TF-H-TC/B,pot48,21488,244,SO0019654,06/04/2021,31/03/2021,
Basket Liner (16 inch) JL16E,han2,400,244,SO0019654,06/04/2021,31/03/2021,
Large Pot with handles - 130L LTR130,pot21,150,244,SO0019655,16/04/2021,31/03/2021,
Large Pot with handles - 75L LTR75,pot17,80,244,SO0019654,06/04/2021,31/03/2021,
Plastic black basket 14 inch,han15,120,244,SO0019654,06/04/2021,31/03/2021,
Terracotta Pot 23cm 23F,pot42,630,244,SO0019654,06/04/2021,31/03/2021,
Wicker Cone Hanging Basket 13-14 inch HB8029/20,han9,200,244,SO0020341,02/04/2021,31/03/2021,
Wicker Round Hanging Basket 12 inch HB8004/20,han10,200,244,SO0020341,02/04/2021,31/03/2021,
Black Round pot 10L DK10.0L,pot75,3200,244,SO0019654,06/04/2021,31/03/2021,
Calcified Seaweed,fer13,2000,245,9428,31/03/2021,31/03/2021,
Capillary matting 100cm ICM10,irr1,1200,248,SO0019963,16/04/2021,02/04/2021,
Poly Pot- 2L,pot25,6150,248,SO0019741,12/04/2021,02/04/2021,
Wicker Round Hanging Basket 14 inch HB8005/20,han11,100,248,SO0019741,12/04/2021,02/04/2021,
11cm Square carry Tray 3548,pot46,100,248,SO0019963,16/04/2021,02/04/2021,
13cm Thermoformed Black pot VCH13B,pot47,9720,248,SO0019741,12/04/2021,02/04/2021,
Black Round pot 20L DK20.0L,pot78,1360,248,SO0019741,12/04/2021,02/04/2021,
Black Saucer 30cm DKS30B,pot56,600,248,SO0019741,12/04/2021,02/04/2021,
Black Saucer 35cm DKS35B,pot58,200,248,SO0019741,12/04/2021,02/04/2021,
Terracotta Plant Pot 6cm 6E,pot35,8220,248,SO0019741,12/04/2021,02/04/2021,
Wicker Cone Hanging Basket 11-12 inch HB8006/20,han8,100,250,SO0019741,12/04/2021,06/04/2021,
13cm Thermoformed Terracotta pot VCH13RT,pot51,4320,250,SO0019741,12/04/2021,06/04/2021,
Black Round pot 15L DK15.0L,pot77,2200,250,SO0019741,12/04/2021,06/04/2021,
Black Round pot 3L DK3.0L,pot71,10260,250,SO0019741,12/04/2021,06/04/2021,
Black Round pot 7.5L DK7.5L,pot74,3400,250,SO0019741,12/04/2021,06/04/2021,
Black Saucer 40cm DKS40B,pot115,500,251,SO0019741,12/04/2021,08/04/2021,
Dead Sea Salt 0.8-5mm Food Grade PMG0025 Purple bag,sal2,2450,255,225,09/04/2021,07/04/2021,
Large Pot with handles - 75L LTR75,pot17,250,259,SO0020429,08/04/2021,07/04/2021,
Terracotta Pot 21cm 21F,pot41,504,259,SO0020341,08/04/2021,07/04/2021,
Terracotta Pot 23cm 23F,pot42,1125,259,SO0020215,08/04/2021,07/04/2021,
9cm Thermoformed Terracotta Pot 9cm-TF-H-TC/B,pot48,21488,259,SO0019741,12/04/2021,07/04/2021,
15-9-20 Progrower Base Fertiliser 4318,fer44,4200,260,201666,12/04/2021,07/04/2021,
Ammonium Sulphate F2089,fer4,2000,260,201666,12/04/2021,07/04/2021,
Triple Super Phosphate F3059,fer53,1000,260,201666,12/04/2021,07/04/2021,
Growmore 7-7-7 F2477,fer3,18800,260,201666,12/04/2021,07/04/2021,
Frost Fleece 8.5m x 250m HCC232,gro4,900,261,245863,08/04/2021,07/04/2021,
Frost Fleece 6.5m x 250m FL1805,gro3,200,261,245863,08/04/2021,07/04/2021,
White T Label 15cm SL135,lab43,5000,262,17766,14/04/2021,07/04/2021,
6 inch White Stick in Labels L6,lab36,20000,262,17766,14/04/2021,07/04/2021,
Label with Seed Packet Holder SL138,lab26,3000,262,17766,14/04/2021,07/04/2021,
Tree Tie 9 inch TP225,sup7,5000,262,17766,14/04/2021,07/04/2021,
White T Label SL300,lab54,1000,262,17766,14/04/2021,07/04/2021,
Wigwam Pyramid Large PYR1,sup35,10000,262,17766,14/04/2021,07/04/2021,
Support Rings PS10,sup13,1000,262,17766,14/04/2021,07/04/2021,
Plant Clips PSC11,sup12,2000,262,17766,14/04/2021,07/04/2021,
Butterfly Netting 2m GREXT11,net5,1500,263,TSO92618,14/04/2021,07/04/2021,
Shade Net 85% 1.22m x 100m LS8512201,net18,1000,263,TSO92618,14/04/2021,07/04/2021,
New mh 1,sto51,800,264,19540,08/04/2021,08/04/2021,
New Soft Boxes,sto59,2000,264,19540,08/04/2021,08/04/2021,
Gallup Box 160 x 125 x 210 709913/1/0,sto26,5790,265,93705,08/04/2021,08/04/2021,
25kg Cardboard Box 490x360x190mm 716615/1/0,sto62,6230,265,93705,08/04/2021,08/04/2021,
Yodel Pack 440 x 340 x 185 708096/1/0,sto19,5420,266,93733,08/04/2021,08/04/2021,
10kg Cardboard Box 415 x 325 x 87 710386/1/0,sto21,4545,266,93733,08/04/2021,08/04/2021,
Full Size 60 Cell Pack SV60,see12,1500,267,54,16/04/2021,08/04/2021,
Gravel Trays HFSTHW,see27,3900,267,54,21/04/2021,08/04/2021,
HFST Full Size Seed Tray,see17,5200,267,54,16/04/2021,08/04/2021,
Half Size 20 cell pack HSP20,see8,2000,267,54,16/04/2021,08/04/2021,
Square Pot - 0.25L 7cm HS778,pot89,45000,267,54,16/04/2021,08/04/2021,
Full Size 40 Cell Pack SV40,see10,2000,267,54,16/04/2021,08/04/2021,
Half Size 12 cell pack HSP12,see7,2000,267,54,16/04/2021,08/04/2021,
Half Size 4 Cell Pack HSP4,see0,2000,267,54,16/04/2021,08/04/2021,
Half Size 6 Cell Pack HSP6,see3,7600,267,54,16/04/2021,08/04/2021,
Half Size 9 cell pack HSP9,see6,2400,267,54,16/04/2021,08/04/2021,
9cm Round carry tray,pot11,350,270,SO0019917,16/04/2021,09/04/2021,
Black Round pot 10L DK10.0L,pot75,3200,270,SO0019917,16/04/2021,09/04/2021,
Deep Rose pot 4L DK4.0LR,pot8,4680,270,SO0019917,16/04/2021,09/04/2021,
Large Pot with handles - 35L LTR35,pot15,560,270,SO0019917,16/04/2021,09/04/2021,
Round Wire Hanging Basket 14 inch WBR14,han5,216,270,SO0019917,16/04/2021,09/04/2021,
Square Pot - 1L 11cm DK111112,pot84,15150,270,SO0019917,16/04/2021,09/04/2021,
Square Pot - 5L DK5.0LSR,pot87,5800,270,SO0019917,16/04/2021,09/04/2021,
Terracotta Plant Pot 26cm 26F,pot43,560,270,SO0019917,16/04/2021,09/04/2021,
Plastic black basket 12 inch,han14,480,270,SO0019918,14/04/2021,09/04/2021,
Compost Activator,fer10,400,271,37301,12/04/2021,12/04/2021,
Square Pot - 0.25L 7cm HS778,pot89,70560,272,SO0019902,12/04/2021,12/04/2021,
Black Saucer 18cm,pot53,1000,273,SO0019741,12/04/2021,12/04/2021,
Capillary matting 80cm ICM08,irr0,1000,274,SO0019963,16/04/2021,12/04/2021,
Wicker Round Hanging Basket 14 inch HB8005/20,han11,100,274,SO0019963,16/04/2021,12/04/2021,
Large Pot with handles - 110L LTR110,pot20,180,274,SO0019963,16/04/2021,12/04/2021,
13cm Thermoformed Black pot VCH13B,pot47,9720,274,SO0019963,16/04/2021,12/04/2021,
9cm Thermoformed Terracotta Pot 9cm-TF-H-TC/B,pot48,29400,274,SO0019963,16/04/2021,12/04/2021,
Plastic black basket 14 inch,han15,200,274,SO0020215,15/04/2021,12/04/2021,
Terracotta Plant Pot 6cm 6E,pot35,8220,274,SO0019963,16/04/2021,12/04/2021,
Black Saucer 40cm DKS40B,pot115,500,274,SO0019963,16/04/2021,15/04/2021,
41mm Peat Pellet 32170138,jif20,20000,274,SO0020052,16/04/2021,15/04/2021,
Black Saucer 25cm DKS25B,pot114,1000,275,SO0019963,16/04/2021,12/04/2021,
Large Pot with handles - 35L LTR35,pot15,720,276,246084,16/04/2021,12/04/2021,
Sodium Bicarbonate SB565,sal0,5250,284,1187913,14/04/2021,12/04/2021,
Packing bubble 1500 mm x 10mm x 100m,sto34,500,285,134129,13/04/2021,13/04/2021,
Packing bubble 750mm x 10mm x 100m,sto37,1000,285,134129,13/04/2021,13/04/2021,
Liquid Seaweed,fer45,2000,286,286,20/04/2021,13/04/2021,
100mm x 160mm Ground Staples HGC140/L 6x4 inch,fix0,10000,288,246087,16/04/2021,13/04/2021,
15-9-20 Progrower Base Fertiliser 4318,fer44,4200,289,201888,16/04/2021,13/04/2021,
Growmore 7-7-7 F2477,fer3,21600,289,201888,16/04/2021,13/04/2021,
Post Box 330 x 240 x 30 Large,sto20,4564,291,93821,14/04/2021,14/04/2021,
5kg Cardboard Box 390 x 290 x 55 708090/1/0,sto23,5240,291,93821,14/04/2021,14/04/2021,
Gallup Box 160 x 125 x 210 709913/1/0,sto26,5560,291,93821,14/04/2021,14/04/2021,
Epsom Salt Organic 14820001/25,sal5,26000,292,PO-55024079,16/04/2021,14/04/2021,
1022 20kg 10-2-2 Spring/Summer Complete Lawn,fer17,26000,293,4294,19/04/2021,14/04/2021,
Fish Blood & Bone 5-5-6 EL4619P,fer0,10000,294,9561,15/04/2021,15/04/2021,
Bone Meal 3.5-18-0,fer9,2000,294,9561,15/04/2021,15/04/2021,
2-0-0+2Fe Lawn Sand EL4040P,fer34,8000,294,9561,15/04/2021,15/04/2021,
Poultry Manure Pelleted 4-3-2,fer12,6000,294,9561,15/04/2021,15/04/2021,
4 inch White Stick in Label L4,lab33,100000,295,17799,27/04/2021,15/04/2021,
4 inch Green Stick in Labels L4GREEN,lab29,60000,295,17799,27/04/2021,15/04/2021,
4 inch Orange Stick in Labels L4ORANGE,lab30,60000,295,17799,27/04/2021,15/04/2021,
4 inch Pink Stick in Labels L4PINK,lab31,60000,295,17799,27/04/2021,15/04/2021,
4 inch Red Stick in Lables L4,lab32,60000,295,17799,27/04/2021,15/04/2021,
4 inch Yellow Stick in Labels L4YELLOW,lab34,60000,295,17799,27/04/2021,15/04/2021,
Angle Head Black - 19cm SL190BLACK,lab0,3000,295,17799,27/04/2021,15/04/2021,
8 inch White Stick in Labels L8,lab37,20000,295,17799,27/04/2021,15/04/2021,
Obelisk 108cm x 25cm OB1,sup4,25,295,17799,27/04/2021,15/04/2021,
5 inch White Stick in Labels L5,lab35,20000,295,17799,27/04/2021,15/04/2021,
Angle Head Black SL160BLACK,lab27,1000,295,17799,27/04/2021,15/04/2021,
Cane Cap Top hat CC1,sup18,20000,295,17799,27/04/2021,15/04/2021,
Super Soft Rubber Ties - 24 inch TP60,sup31,1000,295,17799,27/04/2021,15/04/2021,
Woven ground cover 1m x 100m GC751100,gro13,64000,297,297,21/04/2021,16/04/2021,
Woven ground cover 1m x 100m GC751100,gro13,64000,297.1,246298,21/04/2021,16/04/2021,
Frost Fleece 1.5m x 250m FL1807,gro5,10000,299,246299,21/04/2021,16/04/2021,
Large Pot with handles - 130L LTR130,pot21,150,300,SO0020215,21/04/2021,16/04/2021,
Large Pot with handles - 50L LTR50,pot16,240,300,SO0019320,21/04/2021,16/04/2021,
Wicker Round Hanging Basket 14 inch HB8005/20,han11,200,300,SO0020215,21/04/2021,16/04/2021,
Capillary matting 100cm ICM10,irr1,1000,300,SO0020215,21/04/2021,16/04/2021,
Capillary matting 125cm ICM12,irr2,400,300,SO0020215,21/04/2021,16/04/2021,
Mailer bag 22 x 30 inch,sto67,14000,301,305033,21/04/2021,17/04/2021,
Mailer Bag 17x24 inch,sto65,10000,301,305033,21/04/2021,17/04/2021,
Mailer Bag 13x19 inch,sto64,9000,301,305033,21/04/2021,17/04/2021,
Gallup Box 160 x 125 x 210 709913/1/0,sto26,5760,302,93888,19/04/2021,19/04/2021,
25kg Cardboard Box 490x360x190mm 716615/1/0,sto62,6240,302,93888,19/04/2021,19/04/2021,
Mole Traps - Scissor,pes18,360,303,26037,19/04/2021,19/04/2021,
Compost Activator,fer10,1000,304,37303,22/04/2021,20/04/2021,
Fish Blood & Bone 5-5-6 EL4619P,fer0,10000,304,37303,22/04/2021,20/04/2021,
Bone Meal 3.5-18-0,fer9,1000,304,37303,22/04/2021,20/04/2021,
13-0-0 Hoof & Horn Fertilizer,fer27,1000,304,37303,22/04/2021,20/04/2021,
1-0-0+9.5Fe Lawn Tonic EL4035P,wee2,6000,304,37303,22/04/2021,20/04/2021,
2-0-0+2Fe Lawn Sand EL4040P,fer34,3000,304,37303,22/04/2021,20/04/2021,
Poultry Manure Pelleted 4-3-2,fer12,3000,304,37303,22/04/2021,20/04/2021,
12-0-0 Dried Blood Fertiliser,fer15,375,304,37303,22/04/2021,20/04/2021,
Packing bubble 750mm x 10mm x 100m,sto37,1000,305,134501,20/04/2021,19/04/2021,
Packing bubble 1500 mm x 10mm x 100m,sto34,500,305,134501,20/04/2021,19/04/2021,
Microdol Dolomite Lime 124984,fer16,3600,307,307,20/04/2021,20/04/2021,
Black Saucer 50cm DKS50B,pot113,250,311,SO0020341,28/04/2021,21/04/2021,
Flower Pouch,pot10,10500,311,SO0020341,28/04/2021,21/04/2021,
9cm Thermoformed Terracotta Pot 9cm-TF-H-TC/B,pot48,21488,311,SO0020341,28/04/2021,21/04/2021,
Black Saucer 40cm DKS40B,pot115,1000,311,SO0020341,28/04/2021,21/04/2021,
Square Pot - 2L DK2.0LSR,pot85,9500,311,SO0020341,28/04/2021,21/04/2021,
Black Round pot 20L DK20.0L,pot78,1360,311,SO0020341,28/04/2021,21/04/2021,
Terracotta Plant Pot 6cm 6E,pot35,8220,311,SO0020341,28/04/2021,21/04/2021,
Black Saucer 25cm DKS25B,pot114,500,311,SO0020341,28/04/2021,21/04/2021,
Thermoformed Terracotta Pot 12cm 1208231D-TC,pot50,4560,311,SO0020341,28/04/2021,21/04/2021,
13cm Thermoformed Terracotta pot VCH13RT,pot51,4320,311,SO0020341,28/04/2021,21/04/2021,
Wicker Cone Hanging Basket 11-12 inch HB8006/20,han8,100,311,SO0020341,28/04/2021,21/04/2021,
13cm Thermoformed Black pot VCH13B,pot47,9720,311,SO0020341,28/04/2021,21/04/2021,
Plastic black basket 12 inch,han14,744,313,SO0020336,22/04/2021,21/04/2021,
Poly Pot- 0.5L,pot23,10500,314,SO0020341,28/04/2021,21/04/2021,
Poly Pot- 1L,pot24,10000,314,SO0020341,28/04/2021,21/04/2021,
Poly Pot - 3ltr,pot95,1250,314,SO0020341,28/04/2021,21/04/2021,
Poly Pot- 8L,pot29,2100,314,SO0020341,28/04/2021,21/04/2021,
Black Round pot 12L DK12.0L,pot76,2300,314,SO0020341,28/04/2021,21/04/2021,
Black Round pot 32L DK32.0L,pot80,550,317,SO0020341,28/04/2021,21/04/2021,
6 inch Square Pegs C695,fix4,72000,318,28962,22/04/2021,22/04/2021,
Growpot Ring Culture System (Plant Halos) GP/3,pot118,300,322,8482,22/04/2021,22/04/2021,
3MMX20X9MTR Anti-Hotspot tape 20mm RAS76152,pol21,900,323,252631,23/04/2021,22/04/2021,
3MMX30X9MTR Anti-Hotspot tape 30mm RAS76152,pol22,1200,323,252631,23/04/2021,22/04/2021,
3MMX40X9MTR Anti-Hotspot Tape 40mm RAS76152,pol23,210,323,252631,23/04/2021,22/04/2021,
3MMX50X9MTR Anti-Hotspot tape 50mm RAS76152,pol24,180,323,252631,23/04/2021,22/04/2021,
